Serial_No,Lot,Battery_Voltage_0h,Battery_Voltage_24h,Battery_Current_0h,Battery_Current_24h,Battery_Temp_0h,Battery_Temp_24h,Battery_Voltage_24h_Min_Limit,Battery_Temp_24h_Max_Limit
LOT-A-001,LOT-A,3.7062980069782907,3.7047472496557914,1.2244664471912672,1.154797668775875,29.81500659261264,33.51463009019106,3.4,45.0
LOT-B-002,LOT-B,3.790868479582454,3.6688538870247456,1.1686425663766813,1.410658605785729,29.058347552308994,36.769362710442216,3.4,45.0
LOT-C-003,LOT-C,3.7225324321394178,3.6558295482551637,1.3385903846373428,1.4324013979656187,27.84355529017753,51.74999999999999,3.4,45.0
LOT-A-004,LOT-A,3.7059297404648275,2.8899999999999997,1.2157582010769368,1.13805261573779,32.10432764575152,34.13112962626966,3.4,45.0
LOT-B-005,LOT-B,3.8247981429222704,3.786179886501455,1.3125717853512733,1.258606343123807,29.854566412510124,31.321792225253553,3.4,45.0
LOT-C-006,LOT-C,3.6784533886598685,3.686272398469738,1.0209925318511517,1.296098125936363,30.936342781347218,37.901511094377156,3.4,45.0
LOT-A-007,LOT-A,3.7579370495417717,3.6759889882217234,1.3008260951847197,1.169681049444405,29.67407780402444,27.70453215971973,3.4,45.0
LOT-B-008,LOT-B,3.79181297614344,3.7296669985104343,1.1441974150579286,1.2745561177407887,33.08949003568313,33.138749737559294,3.4,45.0
LOT-C-009,LOT-C,3.7391138518430322,3.657107890779617,1.1926479406686086,1.2885637113965052,33.02456212793404,30.09360615928345,3.4,45.0
LOT-A-010,LOT-A,3.6639299983146474,3.7572014960203637,1.1662718900802953,1.3769445532717826,31.534720696332723,34.02640884446553,3.4,45.0
LOT-B-011,LOT-B,3.8072190096737084,3.7344331770769728,1.3198428704570826,1.1973948387557012,29.470591501271414,33.48107700360852,3.4,45.0
LOT-C-012,LOT-C,3.7967130412681,3.7696051036273728,1.458499889927975,1.307980169537335,31.446124267506217,34.31426426533892,3.4,45.0
LOT-A-013,LOT-A,3.7209456853135445,3.696876581858938,1.1557371588233605,1.369209812877329,28.641604902926776,33.178198211159724,3.4,45.0
LOT-B-014,LOT-B,3.6490412878521887,3.7548168306533736,1.1574072959059125,1.3559133961013088,27.503461968674802,30.988423103161217,3.4,45.0
LOT-C-015,LOT-C,3.778917270165198,3.6597327190193254,1.2560471909823854,1.2369412103401347,25.91925334727561,32.70853588139618,3.4,45.0
LOT-A-016,LOT-A,3.741612924977992,3.6446113878707886,1.3016317667020612,1.2083874406377189,28.79252688312507,32.01576316518925,3.4,45.0
LOT-B-017,LOT-B,3.6859292527960625,3.81462168024569,1.1100570531557838,1.3464596011007925,33.17559607568298,27.44767641221398,3.4,45.0
LOT-C-018,LOT-C,3.633375793449492,3.728119544658876,1.2066639409079953,1.3145206567275949,33.50678355182399,51.74999999999999,3.4,45.0
LOT-A-019,LOT-A,3.6668017154560157,3.563527948435194,1.2684139730806097,1.1964245924523014,31.689447639925724,32.532731460151744,3.4,45.0
LOT-B-020,LOT-B,3.650776610182713,2.8899999999999997,1.3474932465918539,1.356344424249863,28.394159584869097,31.06291034779877,3.4,45.0
LOT-C-021,LOT-C,3.6926535238404368,3.6792619757388896,1.1488303037193326,1.319118230704619,31.504313758962095,32.84035602440337,3.4,45.0
LOT-A-022,LOT-A,3.6947025110786162,3.7645509130106887,1.2668967318941258,1.0335961912214537,29.591749607730293,31.868895547169565,3.4,45.0
LOT-B-023,LOT-B,3.768266294051078,3.6849640531266035,1.2274922987353198,1.2203465364365245,32.46421732885313,30.970549431585432,3.4,45.0
LOT-C-024,LOT-C,3.689827487942184,3.6628922038373997,1.3000923327084293,1.2320322806368211,27.313025624163686,33.43211054151197,3.4,45.0
LOT-A-025,LOT-A,3.684933191271133,3.7178501364392695,1.2836406638862643,1.3883246277846413,33.2979669222778,30.67743191802285,3.4,45.0
LOT-B-026,LOT-B,3.711680770745291,3.635479696285657,1.4009599391424055,1.3197464493312967,34.06772118897888,31.26630877871704,3.4,45.0
LOT-C-027,LOT-C,3.617542778651862,3.7765856328698697,1.2583805847893745,1.2919866593197684,31.122018962993327,33.482750484000896,3.4,45.0
LOT-A-028,LOT-A,3.7466566642187846,3.6204731724417045,1.3478204109619119,1.2323941632477713,29.972494298351908,35.97308610910048,3.4,45.0
LOT-B-029,LOT-B,3.7660279303940363,3.6830907223528553,1.0829247073333592,1.294547354353664,32.18504280808186,31.81476832965374,3.4,45.0
LOT-C-030,LOT-C,3.6576980470271585,3.660465601732377,1.1370301004600893,1.2993856879513799,32.8027172970605,34.358417649597286,3.4,45.0
LOT-A-031,LOT-A,3.68338860551421,3.711751264160228,1.2998662814417843,1.2339965775482848,30.67328375310945,36.884892677996234,3.4,45.0
LOT-B-032,LOT-B,3.7302561506740055,3.7441479462004517,1.2108649142828194,1.2837581697265648,27.22847640020531,31.942339419555474,3.4,45.0
LOT-C-033,LOT-C,3.7796138983012173,3.804944928922448,1.3576976924972146,1.3418170353951289,31.1165215360151,30.620071007068663,3.4,45.0
LOT-A-034,LOT-A,3.7119864238420757,3.730641801433961,1.1793371360916256,1.363981251212873,28.834944745569814,27.907739013639166,3.4,45.0
LOT-B-035,LOT-B,3.669395048807427,3.6167309683628033,1.1264897815561663,1.3818920068676936,38.12516143683503,32.50273461633514,3.4,45.0
LOT-C-036,LOT-C,3.7779056780211513,3.762955084095444,1.2045863903962077,1.399570817814672,31.846115069251326,32.007651128414395,3.4,45.0
LOT-A-037,LOT-A,3.742104946022226,3.6287186690367053,1.179250896071956,1.2702671798867107,32.34135678878663,31.144328585759542,3.4,45.0
LOT-B-038,LOT-B,3.713634062097388,3.74847172969866,1.3770531461224458,1.3490419742623734,33.79052855500265,31.069972370187312,3.4,45.0
LOT-C-039,LOT-C,3.704678246025364,3.715917682033548,1.2229034958188472,1.2343583339567221,34.63471753408944,31.537283873144318,3.4,45.0
LOT-A-040,LOT-A,3.671699293564859,3.7243698776007794,1.4152215374038541,1.2872728229599202,33.709020496519315,30.992950336631864,3.4,45.0
LOT-B-041,LOT-B,3.6954342950021988,3.665508947344788,1.2370930588632287,1.4452712303614765,28.457910609973215,35.765649309404715,3.4,45.0
LOT-C-042,LOT-C,3.6695776208271176,3.68830942832462,1.3252212296407244,1.336723920481832,31.620466352795773,28.206458101791853,3.4,45.0
LOT-A-043,LOT-A,3.7381117062571287,3.6488817648884657,1.4812018213981624,1.2607914318947537,31.4151837063025,29.362586801860544,3.4,45.0
LOT-B-044,LOT-B,3.696055994251102,3.635447891942676,1.338337946086317,1.2564224811445073,32.23785378037731,51.74999999999999,3.4,45.0
LOT-C-045,LOT-C,3.6949428764460293,3.764409032348197,1.1625476050041816,1.117870038252238,31.893728351909317,29.37493361852667,3.4,45.0
LOT-A-046,LOT-A,3.69802668025986,3.745579169096807,1.176326321766776,1.3590605066764203,29.50130403027371,35.428561265764756,3.4,45.0
LOT-B-047,LOT-B,3.7862551499585613,3.6764302294682953,1.2308094657395576,1.2051258022110545,31.44000436188749,34.64309213294895,3.4,45.0
LOT-C-048,LOT-C,3.6476621590657086,3.7458724222404904,1.130845700197276,1.2026251454363999,27.067051726033828,36.8413747813067,3.4,45.0
LOT-A-049,LOT-A,3.722935085224752,3.712237633252284,1.1891495997490031,1.3760270000294412,26.373011147426833,32.061330490479804,3.4,45.0
LOT-B-050,LOT-B,3.8303362372900303,3.6808972993611877,1.2515432789659382,1.3405009693993526,29.214808516273788,32.05254387422029,3.4,45.0
LOT-C-051,LOT-C,3.768049759579368,3.709719576618849,1.283388835349741,1.2485509030843667,31.694322329700267,32.12826101585233,3.4,45.0
LOT-A-052,LOT-A,3.7927532447179866,3.7362197254621012,1.2280686362116802,1.0597868777875512,32.57458874162835,33.73711106489557,3.4,45.0
LOT-B-053,LOT-B,3.6741546010957054,3.600081578906139,1.1472373649588232,1.3633569884580048,28.657480717287104,30.94309216017488,3.4,45.0
LOT-C-054,LOT-C,3.731019702965859,3.7612183990867947,1.2483658530869954,1.2709651405957596,29.792531292316593,35.7505014134887,3.4,45.0
LOT-A-055,LOT-A,3.7732975185385906,3.6952438297667767,1.1243078821426797,1.2088739437710374,32.27485960613983,30.34060135665298,3.4,45.0
LOT-B-056,LOT-B,3.764613647641528,3.7180729267262906,1.2763386252932527,1.3388100298576606,32.09689326513338,30.033091657891223,3.4,45.0
LOT-C-057,LOT-C,3.7037084984941058,3.8169908043226815,1.1412929085398655,1.2372909536389776,33.34453536313264,31.633700775127892,3.4,45.0
LOT-A-058,LOT-A,3.6793938970775835,3.633841310766929,1.2982425131746993,1.3717903219745926,34.079765842487994,32.12371357337557,3.4,45.0
LOT-B-059,LOT-B,3.7722493911936117,3.6483529483370987,1.2651219232822495,1.2190351715456686,31.382445436126872,33.72664146427526,3.4,45.0
LOT-C-060,LOT-C,3.7734863085015182,3.6505046892115556,1.3640738479178725,1.2373052390022503,28.743387866988883,31.60761028779143,3.4,45.0
LOT-A-061,LOT-A,3.6468723635498614,3.7002289098361953,1.2760733725355957,1.2619666924688202,32.179562319234265,31.27623357270098,3.4,45.0
LOT-B-062,LOT-B,3.7202025514283035,3.6279667915873492,1.2538404950644966,1.2034067233585457,30.010487073877655,31.784538158487994,3.4,45.0
LOT-C-063,LOT-C,3.72954888162762,3.6176667185406095,1.1092916412895213,1.2528222452976625,32.04364906495532,32.828555260425404,3.4,45.0
LOT-A-064,LOT-A,3.7646390217616363,3.765053823240881,1.2946789995060228,1.278212395708167,28.730792836022754,29.8240441069718,3.4,45.0
LOT-B-065,LOT-B,3.696641476421257,3.7133743303319697,1.269866197987142,1.2803819380344312,30.664010152499873,33.450141384899354,3.4,45.0
LOT-C-066,LOT-C,3.7304166215553543,3.7148923400929053,1.2777593407157926,1.2308336339357933,28.73215745398442,33.12959392407093,3.4,45.0
LOT-A-067,LOT-A,3.740836368454612,2.8899999999999997,1.2125833160436397,1.485058164524765,29.329740103531705,31.499648568816376,3.4,45.0
LOT-B-068,LOT-B,3.733275468905121,3.6422884711823214,1.2605512370005787,1.441797420877205,33.054510036597776,33.45406077192586,3.4,45.0
LOT-C-069,LOT-C,3.7496213964472696,3.705598210827334,2.3237321223838787,1.2659724410115276,30.06982559726565,32.234698150766945,3.4,45.0
LOT-A-070,LOT-A,3.7652848302034796,3.716521279537591,1.310708505235531,1.0978292705672927,33.624726270264986,37.38338396588139,3.4,45.0
LOT-B-071,LOT-B,3.786745202528068,3.6841190032257427,1.1736401045881208,1.3049717809285986,28.828653102525056,33.66904454617588,3.4,45.0
LOT-C-072,LOT-C,3.693729477081135,3.7480331839444814,1.3725922503416566,1.0970973277057845,31.64411162386404,30.3939532214437,3.4,45.0
LOT-A-073,LOT-A,3.6495110029890605,3.6691328542237023,1.230295950827077,1.3730318517086253,27.652904014099928,34.41686895046226,3.4,45.0
LOT-B-074,LOT-B,3.8209031455941354,3.7298720532958485,1.2991347124750137,1.278791964465204,28.414911481140326,33.23010285271524,3.4,45.0
LOT-C-075,LOT-C,3.7392013742096735,3.736579645485193,1.4811956313968386,1.3455002846025248,31.93656569503678,35.59244203915046,3.4,45.0
LOT-A-076,LOT-A,3.6527391970365004,3.642864869603339,1.2162314155988827,1.2210563658464224,32.52665339510548,31.269885201107456,3.4,45.0
LOT-B-077,LOT-B,3.806996692049679,3.7760223710006002,1.319306394226296,1.245260739515978,32.35729123383602,33.865436490616,3.4,45.0
LOT-C-078,LOT-C,3.666671417725682,3.717438986597346,1.3135502407508723,1.2994817335623834,34.45644229140146,34.79257490259543,3.4,45.0
LOT-A-079,LOT-A,4.169283327550938,3.7062241169383734,1.174802659230983,1.3321600352620337,29.092273950559427,34.12361592446411,3.4,45.0
LOT-B-080,LOT-B,3.7394072557478863,3.74854172929389,1.2369423844810443,1.1489336123444798,34.884837399937325,31.60309243038122,3.4,45.0
LOT-C-081,LOT-C,3.788834503090846,3.7215091168529937,1.3106521083819878,1.4446774202883157,31.748517664015434,35.22053200692248,3.4,45.0
LOT-A-082,LOT-A,3.6457837222471747,3.7435550074799933,1.2282301629631294,1.267933937499113,31.01917599846763,32.797012368509805,3.4,45.0
LOT-B-083,LOT-B,3.8028580238902023,3.6073143442861184,1.2539636160462628,1.2155161628263478,39.434152331256996,31.026888964304735,3.4,45.0
LOT-C-084,LOT-C,3.7428385024328104,3.6801248112833393,1.3101252786181121,1.3713322994399368,30.125720039953222,32.112873691953766,3.4,45.0
LOT-A-085,LOT-A,3.6489819904835237,3.7152699893480867,1.3270641141190322,1.2300135475441205,33.46479797061546,27.231386196833142,3.4,45.0
LOT-B-086,LOT-B,3.6274332277065993,3.6305878804619334,1.2063684696190666,1.281675669278847,30.826497991532662,31.845688519917704,3.4,45.0
LOT-C-087,LOT-C,3.7561788010546033,3.676394007826321,1.1362782003272593,1.1680591619891982,35.64786304628471,26.59013258910321,3.4,45.0
LOT-A-088,LOT-A,3.711183570456137,3.77289534641357,1.293502906092762,1.2053399415000623,31.004809151507402,33.987013227553106,3.4,45.0
LOT-B-089,LOT-B,3.7804074391871514,3.6550329390760736,1.3184412353047865,1.302725052006792,33.429690590531244,35.19795540281909,3.4,45.0
LOT-C-090,LOT-C,3.702834726916649,3.6275203647958176,1.2856252866754683,1.4398959293581066,32.50828063942671,32.52937451000267,3.4,45.0
LOT-A-091,LOT-A,3.840052276720672,3.6479987059060828,1.3312691169155055,1.2286606105227944,31.109195532616884,32.20618029688656,3.4,45.0
LOT-B-092,LOT-B,3.7957318318105004,3.6531993097285964,1.2018421061790343,1.1366343179779066,32.0718381601763,30.946066837304976,3.4,45.0
LOT-C-093,LOT-C,3.741098352133144,3.6463367107340345,1.21765547418724,1.3735036149484714,30.616497728986435,33.438969990989406,3.4,45.0
LOT-A-094,LOT-A,3.7464163278822835,3.6823413657523076,1.1096228660115643,1.3686860039360726,31.375556219093557,34.2615442065513,3.4,45.0
LOT-B-095,LOT-B,3.6193655782335856,3.6172695342961663,1.0571545265439712,1.2010846105055575,33.29228978440796,33.301781567783706,3.4,45.0
LOT-C-096,LOT-C,3.7182923020982104,3.706562014763325,1.3184709391368286,1.2528064661382905,31.871351690655736,32.32189551705495,3.4,45.0
LOT-A-097,LOT-A,3.610647867923205,3.680758558928501,1.372288065543993,1.2443725451836496,30.68520339403363,30.604207847195497,3.4,45.0
LOT-B-098,LOT-B,3.6957683922262397,3.7562006094892273,1.2258722617201032,1.18802458240247,24.155000658995217,30.682782062211896,3.4,45.0
LOT-C-099,LOT-C,3.6216591596143797,3.608812525323287,1.3215660268963898,1.3437808009166614,26.7821321393579,33.958402784085834,3.4,45.0
LOT-A-100,LOT-A,3.742967923762735,3.660821563145028,1.3160942825835622,1.1336021601876678,28.350254543717686,28.688716131239456,3.4,45.0
LOT-B-101,LOT-B,3.6644248138294193,3.743934440275413,1.1299733782039156,1.176383167800911,28.906263860335525,32.449566575389056,3.4,45.0
LOT-C-102,LOT-C,3.703015286494405,3.743116973279214,1.1859775563566952,1.163951507075902,29.890885008910473,51.74999999999999,3.4,45.0
LOT-A-103,LOT-A,3.673294597651327,3.7136995629176326,1.4130214098991085,1.2270596972239616,31.07983872280487,35.08959860469815,3.4,45.0
LOT-B-104,LOT-B,3.6871098021143602,3.6570970737609474,1.1504985396903367,1.314675575054841,32.10178223016376,31.624679789441387,3.4,45.0
LOT-C-105,LOT-C,3.7213292230257116,3.762854903647345,1.3264683890692621,1.1521791421666259,30.935107453751634,32.19359126525531,3.4,45.0
LOT-A-106,LOT-A,3.7548976575328905,3.6876770237692122,1.1897539455289188,1.2365282779120141,27.03153417130599,31.88004575198987,3.4,45.0
LOT-B-107,LOT-B,3.6887986631262115,3.721916693548216,1.1550273726501334,1.23807685532069,28.77967395120867,29.47570152482602,3.4,45.0
LOT-C-108,LOT-C,3.7533656705078204,3.6750894388385666,1.286913967257746,1.1761378517142609,31.13532735010019,28.031737472332757,3.4,45.0
LOT-A-109,LOT-A,3.694233181330051,3.672975127369781,1.2989552652019425,1.2926513716113273,30.526952433356296,33.832664412536936,3.4,45.0
LOT-B-110,LOT-B,3.7274991820631893,3.7247958660365073,1.3151628421967505,1.2701994679579167,30.26013916172953,32.652264482937845,3.4,45.0
LOT-C-111,LOT-C,3.696989286332374,3.717169143544232,1.3456472755679465,1.3528206215062837,30.063262592878782,28.944566366617227,3.4,45.0
LOT-A-112,LOT-A,3.7149526977596588,3.691455499289502,1.345289655763639,1.2414764362236692,30.43958292448297,33.582395925664045,3.4,45.0
LOT-B-113,LOT-B,3.6938493695747607,3.68972273559911,1.3997971837856387,1.4096419430109697,32.27968187269728,32.508507761383896,3.4,45.0
LOT-C-114,LOT-C,3.6692887849905995,3.725514455476633,1.2509720959314248,1.2955814433457993,29.75775055505424,31.863890364065846,3.4,45.0
LOT-A-115,LOT-A,3.7084445363900755,3.7133833272998102,1.3740132227413837,1.3082233842444315,27.25531601617003,29.66378519446186,3.4,45.0
LOT-B-116,LOT-B,3.638592049787033,3.6580360660753275,1.2959289361016548,1.3117257351061729,29.57986114138017,32.50194812693624,3.4,45.0
LOT-C-117,LOT-C,3.679840590494125,3.6267250226561347,1.1193905501645172,1.1985279384844636,34.01315499871684,28.811458214940085,3.4,45.0
LOT-A-118,LOT-A,3.779619193112764,3.763827271502211,1.2292575184772678,1.271184481925542,29.54575741271444,31.829595123302063,3.4,45.0
LOT-B-119,LOT-B,3.750362228563993,3.697956210498116,1.3350377633494979,1.3820360010061934,31.64276486358693,32.63412840383877,3.4,45.0
LOT-C-120,LOT-C,3.714383813872663,3.7147252923611975,1.1453022930078283,1.3117981889044485,31.33744538336144,29.902230197619815,3.4,45.0
LOT-A-121,LOT-A,16.15336349603934,3.648915482789748,1.1672915405885822,1.3003270384947028,26.631983100154038,30.06317154149775,3.4,45.0
LOT-B-122,LOT-B,3.6413040620416997,3.6491475124520965,1.2333410301476448,1.3039355550823453,33.30712693955424,33.7282964849905,3.4,45.0
LOT-C-123,LOT-C,3.77645405113694,3.7266969172762385,2.9280567302206144,1.3753650753616407,29.809708683250534,30.46601602109112,3.4,45.0
LOT-A-124,LOT-A,3.7936319003777044,3.7366312075297725,1.2648282362140786,1.3426982035598123,32.81048858931102,28.744881059138955,3.4,45.0
LOT-B-125,LOT-B,3.7125784150446206,3.638384858473563,1.256043301406248,1.2147443368491189,33.864147560298065,33.06459704099947,3.4,45.0
LOT-C-126,LOT-C,3.676700701040336,3.6963165435989853,1.136117076303461,1.278666770477879,32.08047879545218,32.477035150670645,3.4,45.0
LOT-A-127,LOT-A,3.6208279849786753,3.6804631207305536,1.2907148421990868,1.3024689487958112,33.424512699463016,28.916597508516656,3.4,45.0
LOT-B-128,LOT-B,3.743344634226344,3.6646550468869328,1.2624518893766112,1.3113778286095243,32.38523033030133,30.543094798258014,3.4,45.0
LOT-C-129,LOT-C,3.726392647670088,3.6387694762749803,1.1179716473601011,1.3248065796849513,30.75447594496952,28.14657679028564,3.4,45.0
LOT-A-130,LOT-A,3.674644088970957,3.6980720557214157,1.3847134891167516,1.3688003732070237,32.628050625884306,27.76233431659683,3.4,45.0
LOT-B-131,LOT-B,3.71224008046554,3.7209436929073387,1.280200075307955,1.3121907721954185,30.35913957334581,35.90754165708114,3.4,45.0
LOT-C-132,LOT-C,3.790875483160794,3.692398357414128,1.156605529621888,1.459515002976907,29.656303633760974,34.617292185800295,3.4,45.0
LOT-A-133,LOT-A,3.812511342422926,3.649924353171093,1.2708808709940165,1.2434647659698004,32.00378343265509,32.60221451880448,3.4,45.0
LOT-B-134,LOT-B,3.8143278590223693,3.7265759484723806,1.2439502967526284,1.3760389595792277,30.27313670544662,31.025389111887396,3.4,45.0
LOT-C-135,LOT-C,3.8289753827792326,3.656030915857934,1.2007345798936844,1.2786847546175897,28.546298063271873,27.014929092563605,3.4,45.0
LOT-A-136,LOT-A,3.7698423006175172,3.657836540550737,1.196019097483423,1.24120831869813,28.71168978019407,29.394796168669068,3.4,45.0
LOT-B-137,LOT-B,3.7251009376153013,3.8169412483490417,1.3109817752664046,1.3419238741569217,27.558792488938373,31.80918541840742,3.4,45.0
LOT-C-138,LOT-C,3.657894207058684,3.7356646391806527,1.2241789431700705,1.2781376354595981,30.675716820734884,30.522414505799013,3.4,45.0
LOT-A-139,LOT-A,3.6409864464011465,3.7260344992529295,1.1202287912831437,1.1684345343663496,30.215519380429555,30.240391627485085,3.4,45.0
LOT-B-140,LOT-B,3.7301366724339284,3.747573819190764,1.26708927240937,1.2924305092024921,30.92152297228499,33.8377973289853,3.4,45.0
LOT-C-141,LOT-C,3.6247587870632536,3.7154071483193163,1.1607358198626012,1.1637279591568102,30.88082972158414,30.973514843514668,3.4,45.0
LOT-A-142,LOT-A,3.7462135156747607,3.7520875238642506,1.035380835036613,1.2681796249752706,35.1785657135549,33.8597382727242,3.4,45.0
LOT-B-143,LOT-B,3.789369483074503,3.7021397412356745,1.1155144388885843,1.1734453561707856,32.43600444591814,34.06976964028861,3.4,45.0
LOT-C-144,LOT-C,3.6804757357876916,3.683637376195271,1.268233202589499,1.1171809330745135,30.100329911091293,35.58633222009131,3.4,45.0
LOT-A-145,LOT-A,3.8263348922127434,3.6916433520039273,1.4095412134190177,1.2274499344568872,29.08795780828693,26.71676456401051,3.4,45.0
LOT-B-146,LOT-B,3.764907047552203,3.6783577469422344,1.4552953472331602,1.30456333483118,31.285967067209405,27.711362093714317,3.4,45.0
LOT-C-147,LOT-C,3.7920898845292705,3.6789466118583865,1.2302727866293803,1.0761958729693741,32.91043990789056,34.141135784089535,3.4,45.0
LOT-A-148,LOT-A,3.686821354672841,3.70177003233598,1.2801652766762583,1.3615155157575982,31.104336252752432,35.83131628936669,3.4,45.0
LOT-B-149,LOT-B,3.705036638465446,3.6668465910088464,1.2028973461888242,1.0465227561446104,29.10083547513965,34.1867308921235,3.4,45.0
LOT-C-150,LOT-C,3.7304414306918887,3.656272739134111,1.2764772756357885,1.093341387976784,30.25198978218451,33.08083076636894,3.4,45.0
LOT-A-151,LOT-A,3.7521553336475164,3.658530170966223,1.3272396302974185,1.4433631273946477,29.941319017773512,33.57943242358331,3.4,45.0
LOT-B-152,LOT-B,3.639414269700717,3.5991933595466077,1.3002917126616145,1.2790520232329305,31.322198378316692,30.53654097816152,3.4,45.0
LOT-C-153,LOT-C,3.7026601652427056,3.7379053606620425,1.3999130707060936,1.2557820125609063,27.252890970948265,34.811717063165425,3.4,45.0
LOT-A-154,LOT-A,3.7475375508414768,3.731512552913657,1.2617387579334711,1.4845000011409684,31.052996971604493,33.06480105349939,3.4,45.0
LOT-B-155,LOT-B,3.6247366830424594,3.668468748715182,1.1835420024528092,1.2726953529162839,31.653484688738136,30.15759679533974,3.4,45.0
LOT-C-156,LOT-C,3.8040261218506783,3.644146406817984,1.204825958748078,1.2968479845963532,28.13385958971945,33.19531206200161,3.4,45.0
LOT-A-157,LOT-A,3.7490977457675148,3.682808672846193,1.4172995981537257,1.2827537103773399,31.50611579718347,29.672426052961494,3.4,45.0
LOT-B-158,LOT-B,3.6336697452435693,3.6658675318044094,1.2164364511583077,1.2343793471892783,32.57962839306188,26.39011703362199,3.4,45.0
LOT-C-159,LOT-C,3.6607078081076274,3.606069704523923,1.3662225964736865,1.2245104516393417,29.75416699450518,29.346855086957607,3.4,45.0
LOT-A-160,LOT-A,3.7624503811565146,3.676849702312992,1.2654102807645837,1.0921932580198481,33.46696591360248,32.79234177974656,3.4,45.0
LOT-B-161,LOT-B,3.745091053860151,3.759353062340279,1.2280756247459519,1.2604325776476908,32.470997683478814,32.86766651444673,3.4,45.0
LOT-C-162,LOT-C,3.7052535019902466,3.6997210860270116,1.2000975055059824,1.339968200547291,32.948375951031785,31.898753785719723,3.4,45.0
LOT-A-163,LOT-A,3.8116164752829245,3.6205273624588354,1.2245688703151043,1.42986394756136,29.96397269590103,28.20143947321104,3.4,45.0
LOT-B-164,LOT-B,3.787474196041985,3.724910412845967,1.1379633579285602,1.3455413911687117,28.63935609966763,28.800231636046842,3.4,45.0
LOT-C-165,LOT-C,3.7099766468227857,3.673509969317227,1.1466730233399236,1.2427180438449,28.679998156801542,32.02848496699491,3.4,45.0
LOT-A-166,LOT-A,3.7164607861258006,3.734959935530086,1.2046958466467008,1.1555813901892054,27.985823570847803,31.32398386374562,3.4,45.0
LOT-B-167,LOT-B,3.7946223057522563,3.7401642965350947,1.1878842607107067,1.3607390239205157,28.33789574724667,34.22788585387262,3.4,45.0
LOT-C-168,LOT-C,3.6984440946749007,3.7361737868050087,1.3019346227831776,1.2507432816291766,31.619355829096094,29.431153099993285,3.4,45.0
LOT-A-169,LOT-A,3.7139507067700577,3.7519587598563553,1.6155445679586702,1.3392359741398105,31.09126814085918,29.55722474218033,3.4,45.0
LOT-B-170,LOT-B,3.7707758799596833,3.6146203416937004,1.1733692012187638,1.3081425429199618,28.238435501678904,35.446122616263594,3.4,45.0
LOT-C-171,LOT-C,3.772490377807869,3.669189385841182,1.1957105020304233,1.1567913317401888,27.807764894235877,32.914777678560206,3.4,45.0
LOT-A-172,LOT-A,3.7489643865929425,3.7153142427968118,1.2698385059373478,1.2252636580873366,31.69361704013381,28.497596181143354,3.4,45.0
LOT-B-173,LOT-B,3.7181061627903498,3.77163016186898,1.3653062185244218,1.2340126958607305,30.16102772733086,35.07394093353199,3.4,45.0
LOT-C-174,LOT-C,3.807384411315257,3.622618615552617,1.2073434619983694,1.2970174902436233,33.58934839085764,29.960173548633655,3.4,45.0
LOT-A-175,LOT-A,3.7499429438198733,3.682638327973418,1.4604878846959017,1.314739211833182,30.602259793140213,31.121773313044137,3.4,45.0
LOT-B-176,LOT-B,3.7707159507664727,3.7318201100037403,1.1480810177851009,1.2955338890030856,27.94326345699554,30.150460468586118,3.4,45.0
LOT-C-177,LOT-C,3.6527512799143724,3.6311854417873963,1.183879876609343,1.1873791430409524,32.06693535602044,33.736482651404934,3.4,45.0
LOT-A-178,LOT-A,3.7057558807194035,3.641564766073785,1.318632958449239,1.0930415591854807,26.634785942482313,51.74999999999999,3.4,45.0
LOT-B-179,LOT-B,3.750698981112804,3.7466844659793894,1.2264656565995589,1.1619705495775399,29.776186021995592,33.206375398994346,3.4,45.0
LOT-C-180,LOT-C,3.6792719718955365,3.662504238886057,1.119921165733957,1.1707883309891964,32.76423300701928,32.946737355464144,3.4,45.0
LOT-A-181,LOT-A,3.6594402705005016,3.643521061660608,1.19516345771955,1.3255079287188174,28.31997058048024,31.507625452736317,3.4,45.0
LOT-B-182,LOT-B,3.610059883713756,3.6346366159297476,1.2840047707742326,1.3571330413460665,28.34687122252858,30.11060173797466,3.4,45.0
LOT-C-183,LOT-C,3.757833276359048,3.678177278748451,1.1970569247622576,1.3229003435006617,31.33522953438489,34.46609987197696,3.4,45.0
LOT-A-184,LOT-A,3.7576609913139043,3.668876024192663,1.2352881145985763,1.2706204454228824,27.90758177501558,29.651065896066182,3.4,45.0
LOT-B-185,LOT-B,3.7666075321223427,3.618136972211991,1.3359774306719738,1.301888926076856,30.598093236463857,33.143734221319676,3.4,45.0
LOT-C-186,LOT-C,3.7417584332919094,3.7585375520344653,1.2099779079146482,1.2555205461315946,30.363262483966363,36.247841987022596,3.4,45.0
LOT-A-187,LOT-A,3.7653381839424838,3.651514376158393,1.2160985042151227,1.2124931091829323,30.938424824428193,32.398528437218204,3.4,45.0
LOT-B-188,LOT-B,3.832991345993735,3.606361685807039,1.3391972826434873,1.3157602057057758,29.36109885749471,31.56208690737287,3.4,45.0
LOT-C-189,LOT-C,3.693131107524994,3.70052491737843,1.337347955281922,1.1393719838782395,33.81228954836638,31.048618309061897,3.4,45.0
LOT-A-190,LOT-A,3.7934333504940123,3.718747907734423,1.3579154563676905,1.3276957139748022,33.312741446575636,32.04473816287095,3.4,45.0
LOT-B-191,LOT-B,3.6764643578278693,3.731887232106215,1.3109007580139986,1.4661904375463177,26.500830280543042,31.46326379603065,3.4,45.0
LOT-C-192,LOT-C,3.7714665151409985,3.6354249249772352,1.2263441818063623,1.4679665997151417,34.04936163156834,29.89411048959202,3.4,45.0
LOT-A-193,LOT-A,3.789813070093836,3.757687631955443,1.317163305169919,1.3114462161293419,31.454414330585834,29.92163563020155,3.4,45.0
LOT-B-194,LOT-B,3.69253541963383,3.7351492603867196,1.259899789716165,1.4440068597223559,30.197165610638507,26.398558671795502,3.4,45.0
LOT-C-195,LOT-C,3.701754970491612,3.7124076084172004,1.2818221264093212,1.28346354262336,29.12333213660224,35.377254259318015,3.4,45.0
LOT-A-196,LOT-A,3.6853087464372107,3.7341858750292074,1.2215805650906097,1.1695719822989472,34.05354594222265,26.157747119092143,3.4,45.0
LOT-B-197,LOT-B,3.6760228865959332,3.7203287116438744,1.2155071947677516,1.3452905992836672,30.724161785684732,30.89933202845147,3.4,45.0
LOT-C-198,LOT-C,3.826921025154066,3.6877776665647057,1.2336138015478464,1.1803382465037904,29.30228601215298,33.44182886224907,3.4,45.0
LOT-A-199,LOT-A,3.7470795893580986,3.698980246300045,1.1849718742606001,1.3398700960336498,27.20389060499445,31.16648701211973,3.4,45.0
LOT-B-200,LOT-B,3.7063666357967833,2.8899999999999997,1.2620328146169555,1.2181970333349763,29.192016559949636,36.10652493342398,3.4,45.0
LOT-C-201,LOT-C,3.7562312067646926,3.7591892799103612,1.2532268528592625,1.36550081258285,32.687312694907384,34.7598785460161,3.4,45.0
LOT-A-202,LOT-A,3.8377949812678556,3.688046630743197,1.2722648550992028,1.2743592464093547,23.241191031887055,28.76392817683549,3.4,45.0
LOT-B-203,LOT-B,3.720462195998719,3.731230124787994,1.1974053403138112,1.3814912279918024,33.80859868797699,31.033725622429785,3.4,45.0
LOT-C-204,LOT-C,3.7908917956378083,3.787298914981333,1.291309363975854,1.1912224088112238,34.22101393674613,31.614339050076705,3.4,45.0
LOT-A-205,LOT-A,-2.099369626498474,3.7056731942948393,1.2013818211797804,1.3763387466304091,32.7065928535118,34.801206373589125,3.4,45.0
LOT-B-206,LOT-B,3.749017931580377,3.6602667131159174,1.2356330499357748,1.3587841699839192,30.10472849550013,38.71593785559441,3.4,45.0
LOT-C-207,LOT-C,3.7078848886026496,3.670680532011408,1.3534012467478616,1.3472963967538059,30.9385634190636,31.470438340234416,3.4,45.0
LOT-A-208,LOT-A,3.741325155361747,3.741776642650241,1.3186442587127285,1.2528503862957443,31.950209080586568,33.94108919752728,3.4,45.0
LOT-B-209,LOT-B,3.7582485101691945,3.5456831789502483,1.1698762851428546,1.2101721087443789,30.493284265818172,32.411898831533996,3.4,45.0
LOT-C-210,LOT-C,3.7660717198498004,3.7308842635906236,1.238574261153191,1.2820828073316375,34.87006389107654,30.59064311279416,3.4,45.0
LOT-A-211,LOT-A,3.7352244597856887,3.7782749568287404,1.2811331780714368,1.0960835783422966,31.824840799521425,31.109082961487736,3.4,45.0
LOT-B-212,LOT-B,3.714344940312011,3.7525506796525634,1.2922580805694541,1.2562362645340832,32.962420941922176,33.00113992826314,3.4,45.0
LOT-C-213,LOT-C,3.7252570494638477,3.715050398336703,1.2727803282000494,1.2494428246186002,29.989979920409375,32.057871176569336,3.4,45.0
LOT-A-214,LOT-A,3.672287787880231,3.637055818961663,1.367081987656708,1.2584276649810122,30.947195133248254,31.689398752278414,3.4,45.0
LOT-B-215,LOT-B,3.721170285436182,3.7011355475233327,1.255861242204146,1.2075548807210927,33.05045097708324,30.408182071299862,3.4,45.0
LOT-C-216,LOT-C,3.7717452591143927,3.604059278422171,1.1544627459661925,1.3692911417296796,30.674069974490518,30.456651739249786,3.4,45.0
LOT-A-217,LOT-A,3.7387586813861593,3.647723718762052,1.2569184800776,1.080636229866787,30.00480589421657,30.50535629131352,3.4,45.0
LOT-B-218,LOT-B,3.7469808051241285,3.7437885646997855,1.173090710798326,1.424802011254939,29.69752676067406,27.27137539056371,3.4,45.0
LOT-C-219,LOT-C,3.601014572872793,3.7769480433180185,1.2421217074977309,1.2217404408327301,29.354623919417044,29.48790209732302,3.4,45.0
LOT-A-220,LOT-A,3.7876116885687976,3.6958058475500084,1.4111187335191564,1.2620897584457933,25.82935649962045,33.94219806543789,3.4,45.0
LOT-B-221,LOT-B,3.7015902253579878,3.688146116021497,1.3910546031521174,1.256295084323488,33.556385125378405,31.98851913643422,3.4,45.0
LOT-C-222,LOT-C,3.68240093714872,3.7253657387657544,1.1959385804202147,1.3905465457776682,33.111750329763865,32.1442879837386,3.4,45.0
LOT-A-223,LOT-A,3.75049485213008,3.7282301108954083,1.2251944505488266,1.3605631793888864,30.499958509734896,33.4172730461818,3.4,45.0
LOT-B-224,LOT-B,3.672482725428233,3.705101416549994,1.2874483178120149,1.209039178795068,30.08848081966134,30.778597670581014,3.4,45.0
LOT-C-225,LOT-C,3.7565324985752815,3.6641583408238776,1.289756085350785,1.4175897533600779,31.794497715592893,28.304146968927686,3.4,45.0
LOT-A-226,LOT-A,3.7265506369174415,3.752329990037445,1.2247943499618155,1.3804158808491749,32.37474291333243,32.984894932448285,3.4,45.0
LOT-B-227,LOT-B,3.707305621366326,3.6747696073649965,1.2276780247387802,1.2864310840839113,32.170200996928976,32.98840038219945,3.4,45.0
LOT-C-228,LOT-C,3.705433265135007,3.7037680501373433,1.2858309409935305,1.1347354059285546,29.33452886655616,30.18890590349242,3.4,45.0
LOT-A-229,LOT-A,3.7103981783036453,3.686833891925458,1.2279227275140063,1.2026169875609198,32.5092173914413,32.67027840319464,3.4,45.0
LOT-B-230,LOT-B,3.6385574171963277,3.7013756255440624,1.1499328975946679,1.4345316757819278,30.03053806892655,31.12921099948553,3.4,45.0
LOT-C-231,LOT-C,3.7249650833714334,3.6907811146404863,1.246173956658375,1.4207061857456662,31.533061637668986,33.958262108929844,3.4,45.0
LOT-A-232,LOT-A,3.777192786001763,3.65210701767665,1.4035537821849102,1.343479726594715,33.14369750307539,30.054283581748425,3.4,45.0
LOT-B-233,LOT-B,3.7617449760187505,3.721555592552798,1.2032623522287103,1.4870729425650022,32.28673122021545,31.491298219050336,3.4,45.0
LOT-C-234,LOT-C,3.7306169601836237,3.746435913749496,1.3533981472658072,1.3340368300084842,33.719471385759796,35.42507974127055,3.4,45.0
LOT-A-235,LOT-A,3.659219084231727,3.6766795252024522,1.1671854004793805,1.2905070437459771,34.218246980422435,33.54755435150244,3.4,45.0
LOT-B-236,LOT-B,3.6687051386235594,3.6863114609584895,1.3443626895780534,1.2339653519035956,30.83124800067735,32.746232685845634,3.4,45.0
LOT-C-237,LOT-C,3.6299250119627606,3.739979526442679,1.2826083490674596,1.3329673177046588,28.890949173171762,30.279615564214424,3.4,45.0
LOT-A-238,LOT-A,3.6911583388078673,3.713528247526936,1.25813127093286,1.2933034852594052,34.98577724914073,35.04860800871717,3.4,45.0
LOT-B-239,LOT-B,3.6850489237556534,3.66832488232365,1.406215467299376,1.2532725668388336,34.07744533306529,35.72283045215844,3.4,45.0
LOT-C-240,LOT-C,3.693882549156187,3.6875256727455508,1.2592548055930841,1.2040614762980224,28.892700524586644,31.12325664136002,3.4,45.0
LOT-A-241,LOT-A,3.7636348793946555,3.67860534927722,1.2332309824056573,1.239928346786428,28.04135768561716,35.46006436190106,3.4,45.0
LOT-B-242,LOT-B,3.6038882429582344,3.668296338471104,1.302085298720121,1.1561741523294868,32.37443956482844,34.92635304218835,3.4,45.0
LOT-C-243,LOT-C,3.6780124925373623,3.7114255475071825,1.1518411503620853,1.327404557670404,31.237618280521485,32.54075323091502,3.4,45.0
LOT-A-244,LOT-A,3.7892847083591583,3.724533027724972,1.3728877185378972,1.3388223707182627,28.40351370164116,32.645856471025915,3.4,45.0
LOT-B-245,LOT-B,3.7454441949375887,3.6286884489711024,1.3717597843390141,1.287865317181235,31.852355826726143,29.98252435494196,3.4,45.0
LOT-C-246,LOT-C,3.7245956388534256,3.7159588702729045,1.222375329326201,1.288994833902929,26.37930885983043,35.17677672415252,3.4,45.0
LOT-A-247,LOT-A,3.665248390361768,3.591842956085134,1.1652784276611257,1.2065677777297743,32.23770594942189,29.94153354779661,3.4,45.0
LOT-B-248,LOT-B,3.7351495289972942,3.6529563729458907,1.450302987498205,1.3307402243652025,35.344092412605775,29.70854634309636,3.4,45.0
LOT-C-249,LOT-C,3.7540921866281263,3.6530897672837006,1.3036688558790814,1.3426124319048938,27.530584441840343,29.42557333009071,3.4,45.0
LOT-A-250,LOT-A,3.6625325191894618,3.6256532052679864,1.1856878912667281,1.1950339007981294,27.855474260781556,32.26065373635168,3.4,45.0
LOT-B-251,LOT-B,3.748041301157038,3.635011957540166,1.2011852317902418,1.2820017812934617,26.07595475538747,30.419973118940703,3.4,45.0
LOT-C-252,LOT-C,3.7611848677958157,3.743005041103337,1.3123323711003096,1.2623847231790302,35.39736168679077,25.87552860162687,3.4,45.0
LOT-A-253,LOT-A,3.7005013696064726,3.6945787397103613,1.3579941512572924,1.209071286560516,31.901385704488877,32.131424370105194,3.4,45.0
LOT-B-254,LOT-B,3.68537605546278,3.6889512559523565,1.1094887611518955,1.2320462234377556,26.632291989836034,37.26682269454428,3.4,45.0
LOT-C-255,LOT-C,3.795767607060772,3.7619017402933537,1.278002383179441,1.370667019390821,33.81766738654839,34.35567217642142,3.4,45.0
LOT-A-256,LOT-A,3.7663151097405625,3.654772565883018,1.28923394492649,1.2325183115655873,28.41743115493892,29.389393962876877,3.4,45.0
LOT-B-257,LOT-B,3.7416905948800063,3.7529385554718147,1.1273883018343862,1.4375611189135487,34.243070244095456,31.135299917241483,3.4,45.0
LOT-C-258,LOT-C,3.6970624250025668,3.6965497929219757,1.3386549869909794,1.2458384168390215,28.57302135491173,32.79661379090506,3.4,45.0
LOT-A-259,LOT-A,3.6168621718082647,3.707145018854579,1.3544721090613332,1.3076330334681072,32.719336256823354,33.13774788246887,3.4,45.0
LOT-B-260,LOT-B,3.7564317768704996,3.7072850494163236,1.175378461056317,1.2598090911347295,30.838823994671543,34.89538104608695,3.4,45.0
LOT-C-261,LOT-C,3.801307143270098,3.721030595536457,1.182252195177154,1.2143286107172913,30.587491172561517,35.19423424270614,3.4,45.0
LOT-A-262,LOT-A,3.7367286865618445,3.6972333453435158,1.1811488752079105,1.3594141109041014,31.63661731683298,31.883211078598503,3.4,45.0
LOT-B-263,LOT-B,3.725171185826238,3.7843257995005826,1.235566010336768,1.4319612923854623,33.73302699285983,32.120384890580716,3.4,45.0
LOT-C-264,LOT-C,3.764193691526911,3.6938110506060915,1.1754461190423644,1.2558888290690084,29.004080940168397,33.176332064299345,3.4,45.0
LOT-A-265,LOT-A,2.1872352996065336,3.7283915067691993,1.3244016615870007,0.9991779676416648,31.685296816261136,27.856142295795593,3.4,45.0
LOT-B-266,LOT-B,3.7283315587559316,3.6561305376803452,1.2593813979441348,1.4028907455135595,27.24284287466524,32.43851093315644,3.4,45.0
LOT-C-267,LOT-C,3.7160787153114736,3.6053890995637645,1.308318306086301,1.2830799459965443,29.8807755676267,30.339905038872537,3.4,45.0
LOT-A-268,LOT-A,3.8806276223799636,3.6803065821626997,1.0879709287764672,1.1962191459917606,30.193450103940325,31.115886171005425,3.4,45.0
LOT-B-269,LOT-B,3.716057346030699,3.6476508657915083,1.2987386567524921,1.2364602148178208,28.006404558126743,30.124151713171095,3.4,45.0
LOT-C-270,LOT-C,3.700766668079469,3.7424311914065265,1.2936071876239124,1.249578523828808,31.043333298998775,32.494843251201814,3.4,45.0
LOT-A-271,LOT-A,3.821936266342123,3.669118806336467,1.292036208109099,1.3453731133383746,28.9032803553939,32.43521196747091,3.4,45.0
LOT-B-272,LOT-B,3.7281716498127873,3.676509849894627,1.3010824248570367,1.3725643305760333,33.48650192312765,31.558827211121713,3.4,45.0
LOT-C-273,LOT-C,3.729493856380435,3.817533026422599,1.1506725613813935,1.299968260406121,32.9579427311835,32.3452780823931,3.4,45.0
LOT-A-274,LOT-A,3.7527985347270048,3.708634219495595,1.317829074741953,1.3954306782556867,30.51289949577913,32.45426534554527,3.4,45.0
LOT-B-275,LOT-B,3.717238845064992,3.6798185979725906,1.2482330080024107,1.1781518488366298,32.637940503314226,35.91563432367651,3.4,45.0
LOT-C-276,LOT-C,3.8052255696490773,3.76379270560901,1.1632287455442643,1.4167793678976661,29.426096667267245,31.87796307607267,3.4,45.0
LOT-A-277,LOT-A,3.8123085432234447,3.6464045325566947,1.3257171210319734,1.3053142798196702,30.66539578768513,29.985105811473083,3.4,45.0
LOT-B-278,LOT-B,3.7411251836520703,3.676810394176636,1.3440730312980373,1.390186061043089,27.965524345251218,30.83789519819153,3.4,45.0
LOT-C-279,LOT-C,3.7040460460454545,3.640914408603639,1.1493886617767468,1.2879802291821756,30.54227784336613,28.200747010989904,3.4,45.0
LOT-A-280,LOT-A,3.69309373291358,3.725945243633234,1.141437528733496,1.1968758642838264,34.49288337240138,35.02959740784546,3.4,45.0
LOT-B-281,LOT-B,3.6389483803168448,3.6324513828803484,1.283952741073596,1.1727650272260264,30.44387276570236,30.962047770756115,3.4,45.0
LOT-C-282,LOT-C,3.7480077988370932,3.5735634339158615,1.0517745586221028,1.1696427110076446,33.23053153044298,31.645036791453542,3.4,45.0
LOT-A-283,LOT-A,3.634588990188431,3.7246494700986648,1.313691201421674,1.2578723675587138,30.272786164887528,33.00656524575059,3.4,45.0
LOT-B-284,LOT-B,3.7804733717994368,3.7076217921403263,1.297978701875306,1.2756593239299598,30.16117198696497,29.89336458703425,3.4,45.0
LOT-C-285,LOT-C,3.732815198992017,3.684990198699359,1.2280728036488373,1.363674541918644,32.07360260048549,34.00122729955971,3.4,45.0
LOT-A-286,LOT-A,3.6412175225537293,3.7279190714419506,1.1969119267125583,1.2072580407254425,29.125269320990405,34.78621085284733,3.4,45.0
LOT-B-287,LOT-B,3.761393194391758,3.6641550080106353,1.1476184054841567,1.2812356727693595,29.988941889746776,35.81699265019898,3.4,45.0
LOT-C-288,LOT-C,3.6469359566002018,3.6085072911505924,1.2269820204454682,1.2809663723470774,31.291759164100565,33.73287239376135,3.4,45.0
LOT-A-289,LOT-A,3.8236667820308177,3.6828828650315693,1.201006772170584,1.1216685900760137,31.535492373703146,33.96283951773016,3.4,45.0
LOT-B-290,LOT-B,3.7069781260238535,3.759030751722273,1.252726090674464,1.4163367808736382,31.73289389917414,29.56853048346002,3.4,45.0
LOT-C-291,LOT-C,3.6881589771044676,3.623312691198325,1.0936643490093905,1.304022341997162,32.913115543890605,36.49480221608004,3.4,45.0
LOT-A-292,LOT-A,3.717241309420087,3.688157041744845,1.1501866740600584,1.3688581286904538,31.856188742448303,30.631199394758756,3.4,45.0
LOT-B-293,LOT-B,3.754426543880738,3.7280674445043616,1.0817043372088924,1.3468424499102563,31.299440803286387,31.099604368023684,3.4,45.0
LOT-C-294,LOT-C,3.69914598775718,3.787420115142091,1.388236644588859,1.4443347736303205,28.472934285494755,30.494662020076706,3.4,45.0
LOT-A-295,LOT-A,3.765274242259829,3.6395766234525055,1.185181745071092,1.117616856131609,35.07680204974954,34.44417608255882,3.4,45.0
LOT-B-296,LOT-B,3.7429256578689687,3.71096107269254,1.2124581778003372,1.244191020662736,32.35450963974972,30.362910103546948,3.4,45.0
LOT-C-297,LOT-C,3.781369757814759,3.675371045219613,1.1713863957194108,1.396821084157883,30.68324693259175,33.27621256093039,3.4,45.0
LOT-A-298,LOT-A,3.6992531245199625,3.587494867049536,1.299248247819302,1.1587984962470739,33.3809057436265,28.433118731659956,3.4,45.0
LOT-B-299,LOT-B,3.6267566227374743,3.7153819482724626,1.288274343118833,1.2896018011332815,28.33012608706168,34.043623598063085,3.4,45.0
LOT-C-300,LOT-C,3.6467655771447864,3.6767868570931084,1.1790685044400013,1.2460091848773647,32.87611675150065,30.541623366473008,3.4,45.0
