Serial_No,Lot,Aircraft_Fuselage_Temp_0h,Aircraft_Fuselage_Temp_24h,Satellite_Sensor_Vib_0h,Satellite_Sensor_Vib_24h,Aircraft_Actuator_Press_0h,Aircraft_Actuator_Press_24h,Aircraft_Fuselage_Temp_24h_Max_Limit,Aircraft_Actuator_Press_24h_Min_Limit
LOT-A-001,LOT-A,22.167756135420465,20.76196333935013,0.8470553682395797,0.9727010958225344,209.0573908317626,204.37746130015822,40.0,170.0
LOT-B-002,LOT-B,25.87560895402958,22.516077364467098,0.7836047838431871,1.0705881343034402,217.38595507346753,219.61777948816518,40.0,170.0
LOT-C-003,LOT-C,25.21706503917462,46.0,1.027142617165879,1.0981479238141874,210.00327867477694,210.3290542880658,40.0,170.0
LOT-A-004,LOT-A,16.59499183784414,21.409495968799675,1.114555590726073,0.7177101646409467,205.17875954004234,144.5,40.0,170.0
LOT-B-005,LOT-B,23.036014070126384,25.59993044666202,0.6884611744806687,0.9555596280674179,217.73704788998418,195.5203376533702,40.0,170.0
LOT-C-006,LOT-C,21.92855935303344,26.081112488086152,1.0579807714497644,1.0201347804520213,186.4732745373726,206.7618231782732,40.0,170.0
LOT-A-007,LOT-A,22.695557018432243,21.913897981470534,0.8921473028182181,1.3508450786261947,208.06978332644852,198.78851408084614,40.0,170.0
LOT-B-008,LOT-B,22.43716113090743,21.900220544509196,0.8628302216042251,0.9386771972497268,216.96637097789542,210.25630317256224,40.0,170.0
LOT-C-009,LOT-C,19.837402368624794,22.247860808769975,0.9569337710760654,0.8891956919696488,220.34049419355458,215.3827175319704,40.0,170.0
LOT-A-010,LOT-A,20.21661691203009,23.107608558818637,1.1380529785226352,1.152823762464857,209.49355210964083,216.52731146391707,40.0,170.0
LOT-B-011,LOT-B,20.78704622938487,19.748653161704382,0.966518347237895,0.9820498451321726,214.62735733591515,207.76535787255608,40.0,170.0
LOT-C-012,LOT-C,22.586749484256867,21.525462240188247,0.9567910237315259,1.0583004827512759,209.47431078261195,215.7343852028152,40.0,170.0
LOT-A-013,LOT-A,18.81230346827858,21.006175279220308,1.073341657581464,1.1790175008389552,212.255368635551,207.01812874394753,40.0,170.0
LOT-B-014,LOT-B,19.71766283589838,23.19079434260311,0.993412624889949,0.7573674200311988,215.03008571147322,212.66133311053153,40.0,170.0
LOT-C-015,LOT-C,22.79355673399605,20.35769918118311,0.9650212121124659,0.755267670490287,223.39736235262455,209.28424288798888,40.0,170.0
LOT-A-016,LOT-A,19.905426783745348,25.05585379167264,1.0384812541119586,0.8654439116458429,229.83693752580822,198.4606456260606,40.0,170.0
LOT-B-017,LOT-B,22.564155030153962,24.746631520643096,0.6275193628035418,1.0801901879535019,209.41753666284532,207.85085220775625,40.0,170.0
LOT-C-018,LOT-C,20.061648674477503,46.0,0.7668258831773549,0.82410015621356,205.97036516941708,196.3403522080505,40.0,170.0
LOT-A-019,LOT-A,24.83091651577697,19.975435051371083,0.8094275468678503,0.9088729122517056,210.03213577846176,215.52714820885572,40.0,170.0
LOT-B-020,LOT-B,23.472945498360943,21.924568376508887,0.8539105671759052,0.9545540458937442,217.39829831501547,144.5,40.0,170.0
LOT-C-021,LOT-C,21.070540005457723,18.587515530430398,1.1571663520716222,1.073686631673185,212.36983262919694,211.23420369531982,40.0,170.0
LOT-A-022,LOT-A,21.061132771083933,20.597990035355018,0.8601023657354244,0.9210793455827899,204.37276192607868,194.1570614824601,40.0,170.0
LOT-B-023,LOT-B,21.437365184145715,23.595461787815236,0.8406127381033515,0.9528564258187739,191.36341501199507,206.02756353554062,40.0,170.0
LOT-C-024,LOT-C,21.780474894909837,20.170430364806823,0.6924558146376274,1.0035375287279353,202.71312909665545,212.6394697879251,40.0,170.0
LOT-A-025,LOT-A,21.243626477689574,23.684094106165556,0.8593445203912893,0.754139566347847,209.22180221943253,204.88148935720986,40.0,170.0
LOT-B-026,LOT-B,23.183268820371445,21.643878288685283,0.8528315093126868,1.0617841919990612,220.49679714495372,215.21471824372415,40.0,170.0
LOT-C-027,LOT-C,23.868022132095156,23.362992037250464,0.9924424744028497,1.0641731363792764,213.6338390215074,208.59786194412683,40.0,170.0
LOT-A-028,LOT-A,22.255879857679847,27.069219973088806,0.9016413636031273,0.919214938751744,206.72166287729448,207.68322595067875,40.0,170.0
LOT-B-029,LOT-B,22.43957563357952,20.350851526052363,0.6623318143912889,0.9883825302007031,195.545521645104,210.45782764467182,40.0,170.0
LOT-C-030,LOT-C,22.25311622911548,24.690522729126283,1.100423607655699,0.997797367956755,205.01449972524577,196.8395027707602,40.0,170.0
LOT-A-031,LOT-A,20.574819923795506,22.57595709375178,0.6516772167771792,0.9597818811109102,209.89148903181888,214.1222136057223,40.0,170.0
LOT-B-032,LOT-B,21.39768927123214,22.693891006853296,0.8116641949003246,0.8896761085544429,194.04089088431223,209.17457840933884,40.0,170.0
LOT-C-033,LOT-C,24.78773380148502,22.809007245477964,0.9439002795709331,0.8223880450775016,222.8816492908104,200.71337978621654,40.0,170.0
LOT-A-034,LOT-A,23.44319317113697,22.70393708331267,0.7849066714997547,1.0835335940010982,210.13841419837192,209.69785927164455,40.0,170.0
LOT-B-035,LOT-B,22.813852841779635,22.459137020927955,0.8545543372312925,1.010602481193456,206.35718466844992,208.62083903718474,40.0,170.0
LOT-C-036,LOT-C,20.79816832593877,19.668819388820204,0.8192191720007133,0.8856315613329793,210.1332668264211,219.251812347032,40.0,170.0
LOT-A-037,LOT-A,-42.759579886712274,22.744329458422943,0.6345688836305516,0.8140377612700115,205.43640046471626,186.59581882910553,40.0,170.0
LOT-B-038,LOT-B,18.656104242272253,22.792680971050178,0.9093311092207608,0.9352074775393836,202.76648173443408,228.46651813773386,40.0,170.0
LOT-C-039,LOT-C,21.709756339471475,20.861989354973446,1.101407819538138,1.029860244526789,206.66153437617365,219.33048922778292,40.0,170.0
LOT-A-040,LOT-A,22.282001113925247,23.721960410924193,0.9281765239430472,0.8163047053542378,218.7408417409099,209.52435230450425,40.0,170.0
LOT-B-041,LOT-B,20.183092824327353,21.050448358021114,1.0146418445566088,0.9019815308744372,210.41786929245185,214.21801753152647,40.0,170.0
LOT-C-042,LOT-C,22.230993571095297,19.599447926010473,0.976489063412632,1.071989421421813,217.79978590439003,223.3597149120392,40.0,170.0
LOT-A-043,LOT-A,22.65570277688956,23.9763666741942,1.0907158360414493,0.9122053772857371,225.62737230305214,224.47913969476497,40.0,170.0
LOT-B-044,LOT-B,23.409561458052547,46.0,1.0022327088175444,0.8355086129148691,220.2365050458593,211.100785650778,40.0,170.0
LOT-C-045,LOT-C,22.74426380144677,22.793746374505893,1.0631524562672492,1.0218074219942044,203.7377948525733,212.61523245297477,40.0,170.0
LOT-A-046,LOT-A,23.312682628053516,21.121389878114304,0.8478879541334202,0.9002022870517993,204.53399279407677,211.31352856655673,40.0,170.0
LOT-B-047,LOT-B,23.83194245208693,26.09550117922787,1.0433624098424892,1.0828710864881816,168.38757980129458,220.68520617292032,40.0,170.0
LOT-C-048,LOT-C,21.32192096392898,23.81784816305447,0.9386682688081287,0.9331849054167747,205.90543938432575,203.19985999596236,40.0,170.0
LOT-A-049,LOT-A,21.517617558209352,20.15393609290199,0.9626054831292299,0.947154961550136,210.9542196196963,211.21755679572414,40.0,170.0
LOT-B-050,LOT-B,23.304859660746832,21.37566442224127,0.887246952768739,0.7408946650720138,190.02127533642462,189.5653126241394,40.0,170.0
LOT-C-051,LOT-C,24.7662774836334,19.029881674127726,0.9566635197559894,1.142038602466067,205.8800759782634,223.48308692794117,40.0,170.0
LOT-A-052,LOT-A,25.32509652831551,24.296143097776866,1.1847126122437344,55.460524761924766,203.44371849718615,212.97898863507217,40.0,170.0
LOT-B-053,LOT-B,21.2067103114639,20.03017342615236,0.7473187428154273,1.2510955047090981,205.17466190653985,207.82585785300077,40.0,170.0
LOT-C-054,LOT-C,20.817443989501108,22.775839422809078,0.8723617423288871,0.8978507555755787,199.1842221192736,194.67542223153046,40.0,170.0
LOT-A-055,LOT-A,20.680608718059688,23.07827098456866,1.1506476413947893,1.0886000468144688,226.53063026164796,212.74408881264168,40.0,170.0
LOT-B-056,LOT-B,21.869772281502165,20.01158947617361,0.9021757395617378,0.6733312841376435,207.44854642496574,223.63109297899803,40.0,170.0
LOT-C-057,LOT-C,22.624113216930304,24.67885939101674,0.8564232759486587,0.7736202652046897,205.86804852522377,204.42557722484847,40.0,170.0
LOT-A-058,LOT-A,24.207601537751994,26.29379094564354,0.8137509171430677,0.9062042229755853,208.8937518001796,204.9040619613103,40.0,170.0
LOT-B-059,LOT-B,19.803006807865145,22.721802016698906,0.9463456535715398,1.0033427536356572,199.36538421351491,207.15756377458615,40.0,170.0
LOT-C-060,LOT-C,18.91403416125234,24.28456669053835,0.7807709255578669,0.9177548231405235,206.1999710518493,202.71640746812676,40.0,170.0
LOT-A-061,LOT-A,20.143350026967187,19.19460051119154,1.1113394861556123,0.9869558913814254,212.65006457885636,228.21777039411018,40.0,170.0
LOT-B-062,LOT-B,21.872023128838148,23.60644845329889,0.9061134414805246,1.1082748618516745,214.79057911218084,211.27893889628385,40.0,170.0
LOT-C-063,LOT-C,21.596158219687474,23.0906343902527,1.0434130808265187,0.684112510514622,209.12359824206698,204.33301103209288,40.0,170.0
LOT-A-064,LOT-A,21.517046101934348,18.806709496677804,0.9916263792391466,0.8442878857902458,208.24919311206432,203.5222649190872,40.0,170.0
LOT-B-065,LOT-B,19.052611454413704,21.71419943721511,0.6828958842952011,0.8317163080163611,207.45800761535068,208.26775322309524,40.0,170.0
LOT-C-066,LOT-C,22.158729016507817,22.301047752798603,1.1604813611320524,1.0108926531193803,199.30229469906217,202.49814922165942,40.0,170.0
LOT-A-067,LOT-A,20.87623378524889,22.22587865710095,0.8315703337762819,0.8431108273259934,225.14059882392755,144.5,40.0,170.0
LOT-B-068,LOT-B,21.453029447032563,22.083973838474673,0.8779834270821596,1.135412742962929,214.60726225435062,218.98986270002428,40.0,170.0
LOT-C-069,LOT-C,16.4481752198475,23.184364537780546,1.0312077874598522,1.211010472002942,210.57538925744004,192.01900971104402,40.0,170.0
LOT-A-070,LOT-A,23.122706854431062,21.427988133704115,0.6891720155329252,0.8741215457960967,219.8213967773986,219.75375222969103,40.0,170.0
LOT-B-071,LOT-B,23.36270863168265,20.576466687857838,1.2063459530334306,0.8026705903516937,209.62741453098354,194.62052042434922,40.0,170.0
LOT-C-072,LOT-C,24.437194202335753,23.417734126726163,1.0110622167427863,0.9666318763284089,209.72745019739838,210.02014023006495,40.0,170.0
LOT-A-073,LOT-A,18.670286674263707,24.462449243240425,1.0142933232678888,0.9041002205609177,210.24419544427354,211.2263290522354,40.0,170.0
LOT-B-074,LOT-B,24.898747099620966,23.397759703329495,0.910013141559527,0.8891868690427905,196.843332982705,202.73418498107682,40.0,170.0
LOT-C-075,LOT-C,22.204728921357585,22.101942928982385,0.914236802171992,1.0525454385531021,214.31255141141037,211.03439664623698,40.0,170.0
LOT-A-076,LOT-A,23.26131051366933,22.93910502507986,0.9017005689419765,1.0169561416716126,194.86067158967896,220.33724115392025,40.0,170.0
LOT-B-077,LOT-B,19.76259506681393,24.178668586193062,0.907172050794121,1.100187937618311,210.74561809069468,199.4852775473476,40.0,170.0
LOT-C-078,LOT-C,24.01908494137051,22.943230995447948,0.9201016008592735,0.9669559145250991,219.45816089053628,216.24297395526472,40.0,170.0
LOT-A-079,LOT-A,22.504918489266107,19.649510058208293,0.8576248796519277,0.9704057808686611,226.6191225370162,212.14606874771346,40.0,170.0
LOT-B-080,LOT-B,21.92844086920052,24.872263849700957,0.8929749239202062,0.9532620869354461,211.89380709896116,194.27879533827513,40.0,170.0
LOT-C-081,LOT-C,23.82019966822712,23.41142619938787,0.8725824942494879,0.8085717241391431,212.41291039762052,221.81937869963446,40.0,170.0
LOT-A-082,LOT-A,20.944477161092244,20.58735781338872,0.9570291206152717,0.7496426788654245,190.50915424874114,204.30573753953146,40.0,170.0
LOT-B-083,LOT-B,20.858491575809428,22.080386863283486,0.8405927500409558,1.0005519962679916,208.5215716735113,202.85016534839514,40.0,170.0
LOT-C-084,LOT-C,21.278760771229248,23.808533477436374,1.0219148337063122,1.0750307478843966,216.79417999724026,177.21899208598126,40.0,170.0
LOT-A-085,LOT-A,20.301052765067727,22.01292273330016,0.931708196452642,0.7473484498827412,223.3291129973217,211.4425306745782,40.0,170.0
LOT-B-086,LOT-B,20.98837205458405,22.923391659210953,0.8655638430673822,0.858981392584923,215.09213524817963,204.25845400126744,40.0,170.0
LOT-C-087,LOT-C,19.56706985127223,21.407735974226465,0.8934899295457722,0.8174970572093956,221.89751799741566,198.2304108094655,40.0,170.0
LOT-A-088,LOT-A,25.27326374654612,24.316194128713242,0.7944224134061949,0.9749782107239752,221.19854922462986,206.77990656242028,40.0,170.0
LOT-B-089,LOT-B,19.966014965145092,22.832733118038327,1.1464357083289967,0.7645932670316842,215.57052099277658,208.70811292692113,40.0,170.0
LOT-C-090,LOT-C,21.905120294331006,21.883890601290453,0.8695866051412483,1.0935356723035752,215.97121107917837,199.16229713959004,40.0,170.0
LOT-A-091,LOT-A,24.927153643097412,20.16413942065627,0.9877100236177991,0.9827960938712081,221.40589298211654,212.03977412782623,40.0,170.0
LOT-B-092,LOT-B,24.02600557419024,22.586333490251302,1.0251502912204302,1.0039329714529313,229.97695520647304,202.0643070457458,40.0,170.0
LOT-C-093,LOT-C,24.277662892534075,23.518320602926078,0.9297779736572398,0.8857095272557135,214.67504686957017,194.6870143854927,40.0,170.0
LOT-A-094,LOT-A,19.66710495183879,23.99089492676654,0.7221626163020933,1.1463139676803298,208.1910298519209,211.07178227460005,40.0,170.0
LOT-B-095,LOT-B,22.268537913980726,23.439521903426993,0.8754308668207602,0.9119163447409767,209.53850135047136,218.68005044512338,40.0,170.0
LOT-C-096,LOT-C,24.17510247632164,25.063322981992233,0.9528840714238939,0.9337386203235868,195.56292366041163,214.8272510617212,40.0,170.0
LOT-A-097,LOT-A,23.64949277417106,21.878127801851814,1.0059605568673737,1.127451370125056,211.53537336076246,218.7636081144182,40.0,170.0
LOT-B-098,LOT-B,22.69120493812816,19.348821100341333,0.8524613994925264,0.9066376994079197,215.45367836334177,200.52566184451027,40.0,170.0
LOT-C-099,LOT-C,21.34804974024529,20.817218627815116,0.9045702197206024,0.9690383531826116,219.46242117879206,216.30151963218466,40.0,170.0
LOT-A-100,LOT-A,22.43445490590547,23.10428056700399,0.9222811688643319,0.974640418249051,224.61274718860838,185.11237947312742,40.0,170.0
LOT-B-101,LOT-B,21.822463125783948,23.240533103883386,1.0448273749785084,0.8177583795671707,213.81519392936178,216.92042458727312,40.0,170.0
LOT-C-102,LOT-C,21.33704738673414,46.0,0.8660718646308955,0.8039177591517666,216.55249570652435,200.6493477247006,40.0,170.0
LOT-A-103,LOT-A,25.34381436964379,22.91537082620476,0.812607823291083,0.8944288181651104,200.86460661845766,212.4333358247677,40.0,170.0
LOT-B-104,LOT-B,24.82297063866024,22.23709079904348,1.0202382709146383,0.8375201741027755,213.46675625543645,230.6197399868396,40.0,170.0
LOT-C-105,LOT-C,19.6087097018001,24.987906041987188,1.0500946989751119,0.7156237367060639,197.78430522972087,199.4586988974461,40.0,170.0
LOT-A-106,LOT-A,23.882386866348615,21.831402840948943,0.8891414262334845,1.0519584571297567,211.7523727802254,210.87325761618806,40.0,170.0
LOT-B-107,LOT-B,21.559647878429303,24.78127049915905,0.8158219979062363,1.1776772992600884,207.64356420376657,201.14354787758785,40.0,170.0
LOT-C-108,LOT-C,23.300499585131142,23.500752610996898,0.6714309803154525,0.9885582367750901,198.52677348251152,200.83210530665286,40.0,170.0
LOT-A-109,LOT-A,23.550652072473014,21.002945186781663,0.9515361856426336,0.9102388414410001,228.05887069388152,207.7824650829301,40.0,170.0
LOT-B-110,LOT-B,20.01591768398063,20.53855081421282,0.7999298671934473,0.975822622277806,210.60930993047933,217.87451778442346,40.0,170.0
LOT-C-111,LOT-C,22.42626434900009,22.875736253862552,0.9471024349252607,0.9420215353284843,213.239932810962,216.0785369172528,40.0,170.0
LOT-A-112,LOT-A,23.53038171280272,21.590578717900453,0.6957846874834221,0.8534731934615534,213.12358043507066,184.97430765573012,40.0,170.0
LOT-B-113,LOT-B,21.259770741823726,23.4748470007104,0.8399509206033798,0.8128353382293569,226.34780148096462,221.74625213703777,40.0,170.0
LOT-C-114,LOT-C,21.64608088429415,25.12939603869784,1.063128855427121,0.8109766319295946,234.66302541142525,199.66453291807332,40.0,170.0
LOT-A-115,LOT-A,21.632868812219712,20.5299877345261,0.9162952823018051,0.7865665323654859,210.45024627443922,218.82153679334198,40.0,170.0
LOT-B-116,LOT-B,22.48541638315976,22.103583000401052,1.0921036573476792,0.8405923350372189,219.20242044073947,205.6416524683865,40.0,170.0
LOT-C-117,LOT-C,22.484628548988653,22.66030779597884,0.9216513263083327,0.949828058202492,203.4240816806754,203.08181085140484,40.0,170.0
LOT-A-118,LOT-A,22.884863842273525,22.38890474785272,0.7663090147856163,0.8645721848990277,204.1924782485163,207.92067539898653,40.0,170.0
LOT-B-119,LOT-B,22.403589645250428,22.75848035798664,0.8268694937537899,0.95796262085801,198.0685601993347,181.0063629656612,40.0,170.0
LOT-C-120,LOT-C,21.97545467938867,19.435136492339897,0.7911538923930519,0.7982832473081927,215.99663130528984,196.85508341085125,40.0,170.0
LOT-A-121,LOT-A,22.55994485545338,21.63603192907137,0.7556080904198248,0.7494299218186539,214.428715676426,211.94620003243978,40.0,170.0
LOT-B-122,LOT-B,23.44366944746935,26.03078551019539,0.9357425595245904,0.98980700413809,209.1046445821944,209.22165806288024,40.0,170.0
LOT-C-123,LOT-C,21.409191427461582,20.84091761298525,1.1416466171374637,0.7104498018178679,212.44797240008558,212.3689693818918,40.0,170.0
LOT-A-124,LOT-A,22.299906462066527,20.702176604956616,0.8787401613199157,0.8917725913838107,200.439788302242,207.66444251361264,40.0,170.0
LOT-B-125,LOT-B,21.28418741386381,21.467619736321364,0.9828763477336011,0.8131522221925636,214.0096493996148,202.24081730183408,40.0,170.0
LOT-C-126,LOT-C,22.774602670211205,22.636453864264375,0.9290818379592675,0.822829480085639,203.02871588428002,199.86488008024216,40.0,170.0
LOT-A-127,LOT-A,22.309531984441502,23.9132947045524,1.02898766941306,0.8845036095601974,210.72483978196635,192.60759195037593,40.0,170.0
LOT-B-128,LOT-B,18.004070726029482,20.84497386839815,0.8193901169519759,0.7474535436119002,193.94791098451424,212.97139209234334,40.0,170.0
LOT-C-129,LOT-C,20.538745346514123,19.292457194004843,1.176587449804986,0.9706631427358434,207.02215662937914,214.2830998977096,40.0,170.0
LOT-A-130,LOT-A,20.60781699350516,25.477704566354255,0.7136944909700191,-43.09748271488699,208.59355262698762,200.55844680677376,40.0,170.0
LOT-B-131,LOT-B,24.493606576078715,19.42110307746552,0.8097635699656844,0.9777295200341716,214.82280609068243,217.24668704214085,40.0,170.0
LOT-C-132,LOT-C,22.56793907857175,26.621749028703277,0.8398618650834005,0.9689243965481683,217.4119306719327,204.71233189554442,40.0,170.0
LOT-A-133,LOT-A,21.416833383467086,21.55873257287243,0.818962436825206,0.7992608807851024,204.70777921857547,192.99206608829905,40.0,170.0
LOT-B-134,LOT-B,22.615284798445465,19.413579848721625,1.1423072318999514,1.1651401664457706,219.5524296991112,205.61426715982566,40.0,170.0
LOT-C-135,LOT-C,20.872708694740417,24.738120615759964,0.9165402144514405,1.0168754558311557,203.15133833034824,217.67235159693217,40.0,170.0
LOT-A-136,LOT-A,20.485289004621535,22.61634448649413,0.6876282467218039,0.8591285635872395,214.07201314317757,203.2887079234359,40.0,170.0
LOT-B-137,LOT-B,21.11308453230413,23.901787452466827,0.8854333789066743,1.1044628452665475,187.8897090743647,212.9061925956501,40.0,170.0
LOT-C-138,LOT-C,22.819042354298382,19.48211417733963,0.7387609299713357,1.0571011384413294,199.9741800716881,201.49042214092793,40.0,170.0
LOT-A-139,LOT-A,22.97976377167172,21.77344199381849,0.9507732227447182,0.8308463035049402,212.1923769001829,217.74247800371978,40.0,170.0
LOT-B-140,LOT-B,22.488312457848153,18.247707175081885,0.9715052488193223,0.9506581111340856,201.40486505016668,220.67455276678453,40.0,170.0
LOT-C-141,LOT-C,18.778988405554735,25.945040204766595,0.8179938042282248,1.1468262810821725,209.1199796307758,194.90598997060988,40.0,170.0
LOT-A-142,LOT-A,22.073755602465244,23.02564822526046,0.9582788586979565,1.0803368353489815,201.4743809369936,212.14406144896813,40.0,170.0
LOT-B-143,LOT-B,23.223213951755103,21.883028998308877,0.7816106128840065,0.8191673093870578,216.2278659823188,215.0417000125331,40.0,170.0
LOT-C-144,LOT-C,20.415929622572964,19.86335152404043,1.041457468783931,0.741808391406211,210.93442363282918,199.85799258710938,40.0,170.0
LOT-A-145,LOT-A,18.755054230136363,22.62981443355081,0.8706314981343095,1.1290742051509042,229.8543939934848,205.6931162289612,40.0,170.0
LOT-B-146,LOT-B,23.737284785334747,24.37059621025137,0.8308080256148324,0.830589111631133,223.9245509831025,204.01598451353607,40.0,170.0
LOT-C-147,LOT-C,21.85341421902458,21.843329825315152,0.8773786082838348,0.8645759475350107,216.201748599322,219.34227577615263,40.0,170.0
LOT-A-148,LOT-A,21.230666154035163,19.783794850135514,0.8993216771893604,0.7502718279275423,203.7674412462739,219.10240912183144,40.0,170.0
LOT-B-149,LOT-B,26.056928727710464,23.10454053243648,0.7660637389636222,1.0436278810419566,189.37506775379356,200.90006878801256,40.0,170.0
LOT-C-150,LOT-C,24.627802733247385,23.802322445467624,0.7284306416407998,0.727535477059909,217.15452335852916,207.0174543633727,40.0,170.0
LOT-A-151,LOT-A,20.835900177419937,23.17317087383873,0.82470955154665,0.6941150807964526,216.7365626619875,201.34140786346651,40.0,170.0
LOT-B-152,LOT-B,20.102354965668102,19.87230680428155,0.9231206285328474,0.8385980593817154,215.0858694900043,204.94042813271426,40.0,170.0
LOT-C-153,LOT-C,23.83480111831747,21.663115056722877,0.8152168588098232,0.6879671674075358,199.65787039717367,214.27703803663917,40.0,170.0
LOT-A-154,LOT-A,27.37159925456375,20.027630466724982,0.7694135482814565,0.9864622921157037,213.77316263029138,201.0720476583611,40.0,170.0
LOT-B-155,LOT-B,22.04098273775849,19.355410146528552,0.8577834549353159,1.0593064084339971,224.13573151507296,205.8911967288051,40.0,170.0
LOT-C-156,LOT-C,21.436390160227702,23.25065597600347,1.0255654759996118,1.0058699559879072,202.78308752456553,210.84944568505685,40.0,170.0
LOT-A-157,LOT-A,23.634656678138246,21.04872358086381,0.7339464318012627,1.0087787934430934,212.7898785054881,216.62033808358743,40.0,170.0
LOT-B-158,LOT-B,22.061563047630678,21.179585166439836,0.84138503190313,0.8099956430328678,201.04391566611673,202.19207855480178,40.0,170.0
LOT-C-159,LOT-C,21.039279676225807,24.506177403812714,0.7472835339197783,0.9370540622857705,204.26006741847547,221.57300403198406,40.0,170.0
LOT-A-160,LOT-A,22.377383106747992,21.697838316878745,0.991186883378445,0.952101721518103,205.29045913128348,222.03301002541886,40.0,170.0
LOT-B-161,LOT-B,23.183804409348966,25.6749927617809,1.0322293908564824,1.0439453988718945,210.7511509454865,197.30123317598125,40.0,170.0
LOT-C-162,LOT-C,23.184543495799904,22.54779530237126,0.9750159986526411,0.9429351974686494,203.41482786323138,198.06377753500266,40.0,170.0
LOT-A-163,LOT-A,23.17020688913197,24.85499978213623,0.8602905824720558,1.0029481300920664,221.98030474059357,199.70172324707838,40.0,170.0
LOT-B-164,LOT-B,21.312468362544326,20.30352700790308,1.0354215066296284,0.9782983920005818,205.48601351594823,191.96571636303656,40.0,170.0
LOT-C-165,LOT-C,21.60239263644881,24.303831082615208,0.8597520432378234,0.8898155253031724,215.35994479834886,195.97620914346913,40.0,170.0
LOT-A-166,LOT-A,22.020220370733004,23.552246391783232,0.8022770079941117,0.8377371734323195,211.857977412993,206.68660125760613,40.0,170.0
LOT-B-167,LOT-B,21.507569606635837,22.816693692244748,0.9218416916735387,0.8254846788821393,203.69645245266662,211.87023670269258,40.0,170.0
LOT-C-168,LOT-C,23.935693634797765,24.98245407737173,0.7946238370142011,1.0863645357219562,216.44342445580477,207.36751993880685,40.0,170.0
LOT-A-169,LOT-A,22.806875269313405,23.996036425953065,1.108581037249654,0.8093204050179705,215.05207189590615,206.35457218726307,40.0,170.0
LOT-B-170,LOT-B,21.568707883141148,24.596729091561215,0.9933291539109464,0.8147623293771559,207.17150471483708,209.82780208767298,40.0,170.0
LOT-C-171,LOT-C,19.41953749028057,24.064695998828178,0.8871816965795425,0.9667253003963482,212.70303479797468,224.70491265320976,40.0,170.0
LOT-A-172,LOT-A,22.007781168287735,21.76736671706658,1.1029497819048244,0.8813381565505449,205.04055120239366,194.65530175701468,40.0,170.0
LOT-B-173,LOT-B,23.870957479757283,22.953329016006617,0.9523133380378312,0.9674138174195592,208.5229326837635,200.33078877639906,40.0,170.0
LOT-C-174,LOT-C,20.555281152647296,23.255712315471992,0.9111513712450942,1.1560714192772785,202.9682274898041,203.14466147479186,40.0,170.0
LOT-A-175,LOT-A,20.130208337987607,25.03641447509401,0.7501952910061677,1.0455356677203247,222.54975398523547,206.41434557552384,40.0,170.0
LOT-B-176,LOT-B,23.240225453339434,18.448822072942033,0.8507820119906156,0.733172931361767,211.2823375729088,207.82449150364155,40.0,170.0
LOT-C-177,LOT-C,20.582081770596854,24.22344283976918,0.9389468373774347,0.8792454690060125,205.19686672673174,193.93849457735257,40.0,170.0
LOT-A-178,LOT-A,21.62212549717277,46.0,0.8125331502070505,1.000684012543994,204.88543082925102,215.30111651448834,40.0,170.0
LOT-B-179,LOT-B,22.73643371258797,22.013192007929238,0.6854077286541606,0.8806498832209544,220.44718025768043,205.46846922360493,40.0,170.0
LOT-C-180,LOT-C,23.073670910859775,21.54986775076076,0.6756210797672327,1.001531798469872,212.6225650500292,202.3318561607283,40.0,170.0
LOT-A-181,LOT-A,21.296072317900315,22.9974337949165,0.8267610732541687,0.991268897454455,207.96971021186255,185.6330571391299,40.0,170.0
LOT-B-182,LOT-B,21.69997477282424,21.333143437475943,0.7978586925993495,0.9986127821946884,205.4409425605662,212.84404789223603,40.0,170.0
LOT-C-183,LOT-C,23.90306763177733,22.724543872523938,0.7136089517144782,0.8530134503837614,217.91510421944025,205.35625161775343,40.0,170.0
LOT-A-184,LOT-A,20.523871402977747,22.28826273651012,0.9570346756630207,0.9804332035694318,215.5480139007003,200.04954328990758,40.0,170.0
LOT-B-185,LOT-B,21.47265667868093,21.986228715186392,0.894869294717208,0.6779839371548246,207.70920595198288,195.20568359572556,40.0,170.0
LOT-C-186,LOT-C,24.43612624206324,25.38372848699794,1.096944924077958,1.0514571376630335,205.50096125635378,216.82286640366524,40.0,170.0
LOT-A-187,LOT-A,21.607912858373016,23.611833864762268,0.7906636963893532,0.8720646961213542,213.96795935407758,224.4685022450807,40.0,170.0
LOT-B-188,LOT-B,21.922502883980847,26.698408518087874,1.2247416199383276,0.7829228308350886,209.59783933980884,198.89320244320697,40.0,170.0
LOT-C-189,LOT-C,21.721231098791876,21.463937385149233,0.8900020910073566,1.0717634655145838,218.2043408502719,210.28379566642386,40.0,170.0
LOT-A-190,LOT-A,21.975486986039346,22.691819800373114,0.9131356235002768,1.0216720189418613,209.9048112192973,212.57385855856734,40.0,170.0
LOT-B-191,LOT-B,19.641921900577806,23.96050883401107,1.1054770128897013,0.9716209660920365,197.2868708888152,220.54837972279978,40.0,170.0
LOT-C-192,LOT-C,21.387470820836803,16.856822146349955,0.8723710896162111,1.0260024248084154,213.29082002180724,219.52296742005174,40.0,170.0
LOT-A-193,LOT-A,23.08036932211306,22.70810458757059,0.6638603888030397,0.8049992852163219,211.47633040988669,214.23723888341385,40.0,170.0
LOT-B-194,LOT-B,20.14722115367853,21.324836610656437,0.9542181673069584,0.7026986455765318,192.55179375220672,205.71508872166046,40.0,170.0
LOT-C-195,LOT-C,22.425855683366812,21.57513200842941,0.6261114762510807,0.9513215367285339,198.055200451297,214.02665591014076,40.0,170.0
LOT-A-196,LOT-A,21.79744833035018,22.97321696898452,0.9746600758512551,45.63991140275471,217.25633099129178,219.57251754571695,40.0,170.0
LOT-B-197,LOT-B,22.6844651092052,24.977262179486857,0.824107001261454,1.066279324235205,212.28859978440897,198.6077475778344,40.0,170.0
LOT-C-198,LOT-C,21.838800310928185,21.4805130421652,0.8329679146139339,0.9596280339666363,219.35433458576452,204.90285560206132,40.0,170.0
LOT-A-199,LOT-A,22.201367990480804,19.716783102753098,0.9113003518960809,1.0969924671802294,217.11444486010228,212.3560582565483,40.0,170.0
LOT-B-200,LOT-B,21.04106760343725,20.64464519575031,0.8874897173317658,0.7762883895475658,198.90219359943276,144.5,40.0,170.0
LOT-C-201,LOT-C,20.344631912455423,25.857236280247747,0.7288478051982449,1.0038934049731614,199.45610742434246,209.5341257702801,40.0,170.0
LOT-A-202,LOT-A,20.125429545129784,22.55513022790208,0.8800689101734256,0.8903944967725342,214.45975052340376,222.08892282919288,40.0,170.0
LOT-B-203,LOT-B,20.925438889811176,24.142626310622905,0.9086800304999522,0.9446379422257943,229.44395997032106,187.46719282625486,40.0,170.0
LOT-C-204,LOT-C,20.765618122906666,19.070954131207216,0.8613574019281572,0.9189956476441032,243.86859008865255,211.14987546154902,40.0,170.0
LOT-A-205,LOT-A,25.180311383667522,24.92170235783511,0.8462564405792585,1.0101985378935099,224.7760480924315,209.5202673191627,40.0,170.0
LOT-B-206,LOT-B,22.351544454521207,23.42425158768346,0.7197693754352571,0.8438717247269001,212.89548464255003,213.02283922517955,40.0,170.0
LOT-C-207,LOT-C,20.340262237273762,21.868580169153553,0.8839443642625258,0.9289076815592929,216.0720804418689,208.88268733095072,40.0,170.0
LOT-A-208,LOT-A,22.273161749197737,19.81174570992144,0.7731676140541692,0.9897293772253727,195.65781353077145,210.40916713863112,40.0,170.0
LOT-B-209,LOT-B,20.79573252753659,20.943518903453235,0.9753288121252256,0.8608737800015451,202.20746490535268,201.49316781643859,40.0,170.0
LOT-C-210,LOT-C,22.074678210297968,27.647670384161394,0.6457963051031698,0.9453029451032382,207.68894806385026,216.80661809995743,40.0,170.0
LOT-A-211,LOT-A,21.306204759180208,17.806316724692504,1.05562535260015,0.8068039836725175,209.28561781588013,194.9052416648927,40.0,170.0
LOT-B-212,LOT-B,20.005913493827155,21.523560920185574,0.9996028296457857,1.055980819974833,204.45657612737347,212.52224065964805,40.0,170.0
LOT-C-213,LOT-C,21.29297214741173,22.667325902689104,0.9155990988479193,1.0269496527126933,204.28040907830825,206.51874236557686,40.0,170.0
LOT-A-214,LOT-A,22.344421848236205,22.62213534273899,0.8018780429674706,1.1689914044916023,205.64145375978123,214.8957954575802,40.0,170.0
LOT-B-215,LOT-B,22.31624644009095,24.754411504063604,0.6363422773290549,1.2113295898450158,207.84446868065362,196.11007346300565,40.0,170.0
LOT-C-216,LOT-C,22.180246790492905,26.70730853505654,0.9568834650904476,0.7872143543232132,205.60157609520508,220.32989161057654,40.0,170.0
LOT-A-217,LOT-A,19.436773708009262,22.1039442702142,0.8613631630379859,1.2260711974273923,207.12272168439316,220.11664643199973,40.0,170.0
LOT-B-218,LOT-B,20.734414890031307,20.926229455586554,1.0161228712790982,1.0264985598850611,194.27446223595734,213.75017553711945,40.0,170.0
LOT-C-219,LOT-C,23.094896781766074,21.28329526269552,0.922568747854661,0.9807570213673632,205.3750309950161,202.18522398950063,40.0,170.0
LOT-A-220,LOT-A,20.743863255859665,21.927756078096703,0.7377733803979524,0.9403773814497254,196.35073888557417,208.4016272118218,40.0,170.0
LOT-B-221,LOT-B,21.79068769244337,20.484272040794796,0.9976966228554698,1.195764911195182,221.5481269485963,194.8007524590525,40.0,170.0
LOT-C-222,LOT-C,24.21678169283396,22.84971770368097,0.8897389932003364,0.8688225120764491,209.63938476545084,220.77931214826134,40.0,170.0
LOT-A-223,LOT-A,22.912333545291464,21.6552386115569,0.8161716253854946,0.8919139536576451,214.9354105097193,225.2775034756074,40.0,170.0
LOT-B-224,LOT-B,20.049507923637897,77.76266530423186,0.8500571944126011,0.8484408470947009,213.24733595353317,212.8716678710345,40.0,170.0
LOT-C-225,LOT-C,19.40735982355441,20.482969383317915,1.0380926937980248,0.9864640413344011,214.34879077428928,202.95168384551343,40.0,170.0
LOT-A-226,LOT-A,21.25953761448879,23.29916174105648,0.836746853402005,0.8025254819753009,209.69383933335573,216.1978158633445,40.0,170.0
LOT-B-227,LOT-B,20.099807801573814,24.42539603629408,0.9793468035330979,0.8343740790229922,209.75749602115906,207.2812741085173,40.0,170.0
LOT-C-228,LOT-C,23.06844906390216,23.689413183942342,0.7410502183828944,0.7719776054799956,218.86881593852678,208.74008227725622,40.0,170.0
LOT-A-229,LOT-A,22.68235030823182,23.063496483156296,1.077915199423094,0.7902134832768769,219.4022206268944,199.97627590800718,40.0,170.0
LOT-B-230,LOT-B,23.235366738386638,24.957264373715894,0.7316641354021957,0.9974161721676136,207.22344635340062,204.94522335069666,40.0,170.0
LOT-C-231,LOT-C,22.01464266758411,20.458079716990767,0.7815073019824312,1.0301464368212403,217.21810480299303,202.34136664481846,40.0,170.0
LOT-A-232,LOT-A,19.347615162584866,26.78733827363529,1.026366899237759,0.9918001618137925,200.52805302222407,202.2058903773344,40.0,170.0
LOT-B-233,LOT-B,22.37027028560037,20.63203519867168,1.0859695940173117,0.9631354278238008,213.1861800793884,198.0192498254358,40.0,170.0
LOT-C-234,LOT-C,20.325295121220176,20.95593958379302,0.9286490779963607,0.91150365572152,207.12660291611354,210.63154969788187,40.0,170.0
LOT-A-235,LOT-A,22.338728641869665,25.21596301739921,0.8726134643861408,0.8157140159948751,209.58965479810067,221.38320944956297,40.0,170.0
LOT-B-236,LOT-B,20.95655940474541,22.526838781198542,0.8536398703921594,0.9974528387076369,211.9728248636722,200.09262301393346,40.0,170.0
LOT-C-237,LOT-C,21.534778090796408,24.197183751500802,1.025345099781219,1.0637039733020661,217.3399567369487,204.5687188464258,40.0,170.0
LOT-A-238,LOT-A,21.2953070214645,24.17376221561969,0.7576089654593391,0.9382747791873315,193.264530462913,204.13999590775956,40.0,170.0
LOT-B-239,LOT-B,20.6904952396806,20.185811268238353,0.9643882727989563,0.8517049108826692,206.45270844179066,205.28061350327215,40.0,170.0
LOT-C-240,LOT-C,20.638257488698862,25.093228131525336,0.837805430656834,0.9708866369875148,198.15403072764377,203.27156847061616,40.0,170.0
LOT-A-241,LOT-A,21.36902538879343,21.86501907035425,0.8272056634825563,0.9640709632172507,223.4881256409102,206.45429723309488,40.0,170.0
LOT-B-242,LOT-B,21.695541351410295,21.71006906208555,1.1950391068225383,1.1518035525686743,214.6337796341739,214.2664003466956,40.0,170.0
LOT-C-243,LOT-C,20.68727139404446,22.15411745889548,0.9209812153099853,0.9611154674794234,202.14722847365653,200.42778468930442,40.0,170.0
LOT-A-244,LOT-A,22.85393589880494,23.022709152467804,0.6480207575331113,0.9576907667387771,220.94631902581008,201.68821400906606,40.0,170.0
LOT-B-245,LOT-B,22.367997622599344,19.729276046590286,0.9942834351532431,0.8037935435763803,198.67044156906317,204.7521694622729,40.0,170.0
LOT-C-246,LOT-C,26.129085304375284,21.302914306454603,0.7477347971560886,1.0048673529427457,211.7462873941215,223.15605537831755,40.0,170.0
LOT-A-247,LOT-A,19.705638159462602,19.471852922560288,0.8592229670385152,0.994290958227848,212.87786324557902,217.81614508324873,40.0,170.0
LOT-B-248,LOT-B,19.30859262678292,20.905256636396444,0.8808694598642659,1.0530811069351396,213.92771847092055,203.7857605313688,40.0,170.0
LOT-C-249,LOT-C,20.14374908380109,24.086622236402466,1.0081101579408778,1.2919238309899501,208.16088699244412,222.83860560991045,40.0,170.0
LOT-A-250,LOT-A,19.811594907618716,21.4306864483501,0.8167694284352641,0.8870432209982041,202.0034891841681,202.65680652116822,40.0,170.0
LOT-B-251,LOT-B,21.85025040216067,21.605458901410756,0.9740638763317704,0.9354802494614426,209.71918709328625,221.43748986344207,40.0,170.0
LOT-C-252,LOT-C,22.502441973115808,22.731811276411207,0.894196769196981,0.9541333415674604,214.79082471623897,200.2546274148671,40.0,170.0
LOT-A-253,LOT-A,23.96633220836241,25.36967931735129,1.0321093139084812,0.8835528478923871,195.69078427978283,203.65453635459858,40.0,170.0
LOT-B-254,LOT-B,22.218343843602057,23.985721256356797,0.8750378031395929,0.9075505381147793,223.14675792495734,201.48793497338733,40.0,170.0
LOT-C-255,LOT-C,23.826543331431942,24.129069190145632,0.740160224982831,0.9816508242092956,204.82476218654284,198.8959341377314,40.0,170.0
LOT-A-256,LOT-A,18.684777462112446,19.528180358241467,0.9452320563443961,0.8967528957870832,212.14566004353094,197.83104583876596,40.0,170.0
LOT-B-257,LOT-B,21.382253357967937,21.93907452405826,0.7148974995820495,0.7345038027146359,213.61994580708642,209.09511179253735,40.0,170.0
LOT-C-258,LOT-C,20.302424220045143,22.255960756750618,0.9743912821629132,1.179431590308158,201.91111814759964,160.20993841438425,40.0,170.0
LOT-A-259,LOT-A,25.682988418749353,22.567750416594016,1.069002041091469,0.6168560398146083,222.51398558005278,207.62719308165413,40.0,170.0
LOT-B-260,LOT-B,18.63779061503465,23.896056962555644,1.019907176673055,1.1001683863974034,220.31664126464116,207.4450015055134,40.0,170.0
LOT-C-261,LOT-C,20.627899156047484,21.586013361170068,0.8924081005251622,0.9979340929022976,205.49167619147332,208.17550615064442,40.0,170.0
LOT-A-262,LOT-A,23.494784891103723,23.050457153895948,1.1664051060965175,1.2212120834736893,199.6056046751468,202.43399240880285,40.0,170.0
LOT-B-263,LOT-B,19.636211234858955,20.274230550604255,0.9607706480156728,0.8196424277409615,200.49121033875383,205.20621927594712,40.0,170.0
LOT-C-264,LOT-C,23.361659079154254,21.782088676671734,0.8544188314102583,1.0633951975503637,213.90594600787452,211.97676266711724,40.0,170.0
LOT-A-265,LOT-A,23.622719676063248,20.556291094310936,0.9218755270075312,0.8652779634627155,218.81145897505496,215.33430750337385,40.0,170.0
LOT-B-266,LOT-B,20.100933092934888,24.941426488344497,0.7587476592537628,1.0956399572034197,211.55025329490854,199.58509618552995,40.0,170.0
LOT-C-267,LOT-C,19.968623835041846,21.875849124748726,0.8936443557152314,0.8553876210754602,214.71751077583818,194.63876607670406,40.0,170.0
LOT-A-268,LOT-A,21.934184279653387,22.44549924518496,0.6755941501772462,-55.92395647835199,198.55058337114895,184.37707151829034,40.0,170.0
LOT-B-269,LOT-B,20.859624827944504,22.01604764014119,1.0032203027770767,0.8839180960587982,222.78338059504895,221.16963527019587,40.0,170.0
LOT-C-270,LOT-C,23.882974097273255,24.918974024326584,0.9378132339058366,0.8748131718989204,215.4761476315389,216.77078755461713,40.0,170.0
LOT-A-271,LOT-A,22.369515339705153,21.984328984168908,0.7110202813286894,1.0326842649101842,212.84885213545522,195.52797758390906,40.0,170.0
LOT-B-272,LOT-B,22.122351057549118,23.795825368715057,0.8834691558666955,1.0465025515612782,216.42264861177603,193.88188241831358,40.0,170.0
LOT-C-273,LOT-C,21.411009636323023,23.35057902037632,58.74781458769175,1.1268708968920347,192.70084430176587,207.09165276147996,40.0,170.0
LOT-A-274,LOT-A,23.216494790956858,24.737283306285374,1.096170527511402,0.8261493350912961,206.41736781014097,197.83153620087296,40.0,170.0
LOT-B-275,LOT-B,23.39885607011176,19.959379994575418,1.0365971726235137,1.0662410018172321,214.05723209082268,187.34552462765788,40.0,170.0
LOT-C-276,LOT-C,20.741152621239266,23.847529516002542,0.728428952876828,0.9152587748710755,208.79776293865672,216.05977914247666,40.0,170.0
LOT-A-277,LOT-A,22.447399240842937,22.956991122708665,0.8441380652541607,0.9466986394784724,208.52964019079715,214.5399821334118,40.0,170.0
LOT-B-278,LOT-B,21.625546458947227,24.381159143552686,0.6949921659822192,1.1001298391802532,208.20716791942058,218.2926418604505,40.0,170.0
LOT-C-279,LOT-C,22.092476485328277,24.044820073095174,1.0733539815939825,0.8747443819382018,210.4277832723246,206.10452501560275,40.0,170.0
LOT-A-280,LOT-A,22.3134575854246,19.399653772208524,0.8758866711811979,0.9138482481260733,202.72127998136475,205.86967024035198,40.0,170.0
LOT-B-281,LOT-B,19.198973481635594,25.06359662987977,0.9491345879493708,1.1877941980602298,201.93715442994522,196.73784826559944,40.0,170.0
LOT-C-282,LOT-C,22.443197353176412,19.30656650086906,0.922850302338593,0.8554092553764017,206.7278569212777,162.5888385894745,40.0,170.0
LOT-A-283,LOT-A,22.021112695823877,25.931210325293446,0.9708685998715605,0.7796612179867031,218.40831032878435,195.10402475546692,40.0,170.0
LOT-B-284,LOT-B,22.091808263996505,20.092928888809436,0.7976624284400646,1.1142231223492138,204.7306281924157,201.61800100329143,40.0,170.0
LOT-C-285,LOT-C,20.936326875719494,21.845464431081012,1.0665930520268887,0.7938427642472461,198.67540787182799,213.08967228941648,40.0,170.0
LOT-A-286,LOT-A,19.096399263428513,21.74207045785286,1.0296130290428074,0.945198516603194,205.38623649669805,200.96484783119936,40.0,170.0
LOT-B-287,LOT-B,20.299009691706342,21.315125700552215,0.9112963463371905,1.1044214669120276,218.21647652956173,202.29363669109208,40.0,170.0
LOT-C-288,LOT-C,20.62270074012462,23.72317137612554,0.6795277161003015,0.8878647227943813,206.7059865648918,197.14196621819846,40.0,170.0
LOT-A-289,LOT-A,20.14697452763314,23.06315279838293,0.6981483809690789,0.8262265139651546,203.7884521771994,208.28245119782864,40.0,170.0
LOT-B-290,LOT-B,19.46906861248233,24.438593518998868,0.8570580669694325,0.9095257487576971,206.2813814069969,201.1505044353221,40.0,170.0
LOT-C-291,LOT-C,20.154546496007157,24.543113000147258,0.9170135855506861,0.928164278055036,218.29735614649823,200.7492585781571,40.0,170.0
LOT-A-292,LOT-A,23.00674434123396,22.422478967555083,0.7870654233742792,1.039076761308024,196.144669145398,213.47552309666892,40.0,170.0
LOT-B-293,LOT-B,20.310404425582853,23.138410800482486,1.0552081799042052,1.013847783945157,204.03291328733278,207.06409703442475,40.0,170.0
LOT-C-294,LOT-C,21.220126033567123,20.167805000303098,0.7604411922315581,0.9460435597453335,214.09548761016012,190.77771024366808,40.0,170.0
LOT-A-295,LOT-A,21.7353443644577,23.301968990884223,0.9036164308190643,0.8114459686586564,218.4554072641668,195.86748618221,40.0,170.0
LOT-B-296,LOT-B,23.00197362898191,25.33804150160329,0.6491458455810017,0.9720858482777831,212.01991025024745,209.3098933752389,40.0,170.0
LOT-C-297,LOT-C,20.48770736957496,21.753930985072287,0.7247766856512596,0.9555534031124943,213.9625887575914,200.947591818715,40.0,170.0
LOT-A-298,LOT-A,20.202630293553717,21.447230384565675,0.8882136905262357,0.9460023840567221,208.26191945892307,207.77112922885422,40.0,170.0
LOT-B-299,LOT-B,19.51763573464432,17.231300095210948,0.9615646673023096,1.1193823938468328,196.64058545665915,200.8996570427466,40.0,170.0
LOT-C-300,LOT-C,22.360834187812973,24.098308919786394,0.964984934258093,1.100678861602556,208.66499734533994,210.95151141558483,40.0,170.0
