Serial_No,Lot,Engine_Temp_0h,Engine_Temp_24h,Engine_Vibration_0h,Engine_Vibration_24h,Vehicle_Voltage_0h,Vehicle_Voltage_24h,Engine_Temp_24h_Max_Limit,Engine_Vibration_24h_Max_Limit
LOT-A-001,LOT-A,-37.57209454642607,86.9789796144186,1.4430245376790378,1.7458911082112367,13.804954303122638,13.348032457928115,105.0,2.9
LOT-B-002,LOT-B,90.38596903853902,80.51574693643923,1.4917851354357319,1.5949753491371945,13.704357056967133,13.810600605935258,105.0,2.9
LOT-C-003,LOT-C,82.84230580903964,120.74999999999999,1.554961496169579,3.3349999999999995,13.321610852926536,13.274080662176257,105.0,2.9
LOT-A-004,LOT-A,89.51336404252287,85.25906391801468,1.6160496744629873,1.9761155682371123,14.161424915371187,14.261742905874616,105.0,2.9
LOT-B-005,LOT-B,86.75556804122519,84.7253440839973,1.8551313775969585,1.780497001131188,14.193382727527098,13.703980185579445,105.0,2.9
LOT-C-006,LOT-C,93.02171330274307,93.22410464823878,1.7791052258544058,1.8309159482271025,13.93919465438519,13.78389289052528,105.0,2.9
LOT-A-007,LOT-A,88.94880620602201,93.8568562204627,1.4720050815222638,2.151278135384391,13.762815109124277,14.05473759023198,105.0,2.9
LOT-B-008,LOT-B,87.62098701128686,88.41466962010672,2.1080603714326953,1.619570355847642,13.352974133063526,13.442930422752534,105.0,2.9
LOT-C-009,LOT-C,86.66764259526556,98.98284415195822,1.6516889830515786,1.9430254839478172,13.449440015091971,13.826938984314012,105.0,2.9
LOT-A-010,LOT-A,90.82020906326514,97.42715860404314,1.4259323879190053,1.8569072603003993,13.905904367958666,13.332182704208488,105.0,2.9
LOT-B-011,LOT-B,87.91828381053804,88.34071039803987,1.018658643513304,1.8556539723393797,13.989085196910237,13.541983474161432,105.0,2.9
LOT-C-012,LOT-C,82.37803983261827,96.01147581538353,1.6664998218484492,1.9643423364430215,14.293612628845706,13.51247355764371,105.0,2.9
LOT-A-013,LOT-A,91.41104903709122,88.43894433985152,1.5843628396250298,1.6777399396739416,13.799538373640738,14.101025671866562,105.0,2.9
LOT-B-014,LOT-B,88.52007563032016,88.82357590854437,1.5308656921208472,1.788741678793352,13.486796177842232,13.519042965002011,105.0,2.9
LOT-C-015,LOT-C,87.78042155934953,87.01026742628318,1.5703809617657813,1.5411980156410585,14.50138522266014,14.178461866633222,105.0,2.9
LOT-A-016,LOT-A,89.88979908487066,89.264078520189,2.1476910406998027,1.7839677560991412,13.7696040722459,13.809125495654644,105.0,2.9
LOT-B-017,LOT-B,89.28496146693006,95.70539790852841,1.595258826879018,2.2458244542548855,13.4912925589994,13.949858078090783,105.0,2.9
LOT-C-018,LOT-C,83.79232753807922,120.74999999999999,1.517358640276706,3.3349999999999995,14.123482917205884,14.151922646250158,105.0,2.9
LOT-A-019,LOT-A,83.33011728632916,87.97690043677727,1.2512691818000576,1.7356993393576354,13.764519612700536,13.574383751806556,105.0,2.9
LOT-B-020,LOT-B,85.12526237661744,-21.962424070411686,1.413401165317388,1.8375300789267919,14.330582516521645,13.004939320915152,105.0,2.9
LOT-C-021,LOT-C,87.51293643249996,87.66004419398594,1.7230921471253242,1.4525405754906344,13.74874745925753,13.325746814307738,105.0,2.9
LOT-A-022,LOT-A,90.92613094258573,89.93680837181648,1.5596313586091173,1.7962488615426904,13.713730843379171,13.14062444612834,105.0,2.9
LOT-B-023,LOT-B,90.50206772171973,90.76838875001287,1.5614800996137814,1.9560804819647246,14.22647344242716,13.306778251716251,105.0,2.9
LOT-C-024,LOT-C,84.71948049766216,96.30805442137854,1.9547129666478282,1.5080177865676145,13.386751481717173,13.470475680655047,105.0,2.9
LOT-A-025,LOT-A,85.90791109136603,82.53011033969842,1.6077918131873148,1.367153483467205,13.376363622485467,14.029798312015796,105.0,2.9
LOT-B-026,LOT-B,85.1306050429808,89.18552679869643,1.7572740889189247,1.911438258743718,13.682042954922535,13.715882292315655,105.0,2.9
LOT-C-027,LOT-C,84.53329484454204,97.18847066441968,1.7624874544407874,1.4131576572192317,13.80142028909972,13.956878607449404,105.0,2.9
LOT-A-028,LOT-A,90.0135260595887,97.54834851937775,1.9430797782958535,1.559780320965104,13.768786824838209,13.238645098528572,105.0,2.9
LOT-B-029,LOT-B,89.04770252813566,90.16449266200388,2.2758707156547597,1.7253695270944995,13.06736166677212,13.458048864786358,105.0,2.9
LOT-C-030,LOT-C,88.47186668840531,83.97353271259166,1.3831980789871081,1.604934689860693,13.919634072062966,13.640476875963577,105.0,2.9
LOT-A-031,LOT-A,84.26522355272287,92.96579743177854,1.4650906376188648,1.5701797007129397,13.317121942817051,13.417034333037728,105.0,2.9
LOT-B-032,LOT-B,90.73744070271765,82.38231730245148,1.5822065763415725,1.886608506051469,13.668011987505112,13.786324586625787,105.0,2.9
LOT-C-033,LOT-C,83.30946515219172,95.26522276961288,123.64597280733159,1.7612297616276629,13.18572239902943,13.323453558429057,105.0,2.9
LOT-A-034,LOT-A,92.10215286011164,97.0377327972263,1.6741538599962504,2.0243029228492815,13.587283403802461,13.631820623620074,105.0,2.9
LOT-B-035,LOT-B,88.0048211949659,91.36162571643399,1.2177976023887702,1.9445733790599564,14.26289132552838,13.286455346417613,105.0,2.9
LOT-C-036,LOT-C,82.30757338070862,91.04246450431752,1.436422023471887,1.0835842825245505,14.083004230608879,13.75601399008437,105.0,2.9
LOT-A-037,LOT-A,85.99808260920706,98.79915488792724,1.634726062919915,1.5041081843206476,13.835403134235122,13.325575063724878,105.0,2.9
LOT-B-038,LOT-B,84.80083154902887,91.19999632935081,1.461450448446937,1.5827467407677394,14.384130701294275,14.009473561947098,105.0,2.9
LOT-C-039,LOT-C,91.37186844444864,91.82679348967216,1.721050390431049,2.078712073715857,13.793158904908694,14.36798508496392,105.0,2.9
LOT-A-040,LOT-A,84.0041129945583,88.37783417402652,1.2553509096560282,1.6106190148798347,13.98145485153404,14.222448880121066,105.0,2.9
LOT-B-041,LOT-B,85.214024339573,89.52333968383603,1.5101974000412655,1.5079640153959275,13.383717191258436,13.721838019508649,105.0,2.9
LOT-C-042,LOT-C,80.72532699817232,89.98638986362779,1.6052379838719386,1.5289849222797902,13.446183750531514,13.20164937862074,105.0,2.9
LOT-A-043,LOT-A,95.85957932610651,83.59532291756916,1.9894255898875315,1.8560428375655544,13.672592661100293,13.283452336260199,105.0,2.9
LOT-B-044,LOT-B,92.37847268681193,120.74999999999999,1.366493897797546,3.3349999999999995,14.1680683176778,13.820882009609663,105.0,2.9
LOT-C-045,LOT-C,96.39983601585584,86.99136442232609,1.7355728020923775,1.3747587278151667,14.533562105674667,13.437077307576228,105.0,2.9
LOT-A-046,LOT-A,78.72653847696017,88.94663830645763,1.56514234472167,2.1980485932660656,13.681413124115691,13.695448252108845,105.0,2.9
LOT-B-047,LOT-B,90.49244326203367,96.47959100568173,1.5841925963968009,1.9702642523328497,13.981329605821344,13.593355279485692,105.0,2.9
LOT-C-048,LOT-C,88.32572865636253,89.62616506696968,1.370993841070617,2.015556996155986,13.31503291156614,14.121620812118294,105.0,2.9
LOT-A-049,LOT-A,92.00856118232323,89.0905832644486,1.4086389131315653,1.6411294777279053,13.965471130298319,13.967501038171015,105.0,2.9
LOT-B-050,LOT-B,89.20505964686728,93.8653998790196,1.4606413569931327,1.7609898636100063,13.251078966195692,13.974905597181463,105.0,2.9
LOT-C-051,LOT-C,88.64334025819666,87.6714736204312,1.8903856046798122,1.8797967986870918,12.814262015389577,13.714357969376248,105.0,2.9
LOT-A-052,LOT-A,81.8888992137433,94.19330344766077,2.2222687057262043,1.5651812872140107,13.826102703375676,13.609627913392904,105.0,2.9
LOT-B-053,LOT-B,89.47341507132494,92.33601566867874,1.9217984841350755,1.443270453030576,14.350072184138263,13.364655011824299,105.0,2.9
LOT-C-054,LOT-C,89.16377253735399,94.59773721413742,1.7782996845994996,1.455970515343029,13.554326734111417,13.533560875016768,105.0,2.9
LOT-A-055,LOT-A,87.7850890192712,94.54659429260244,1.2770471406245512,1.821342391199313,14.013490351260506,13.900983939976776,105.0,2.9
LOT-B-056,LOT-B,89.95848660472355,96.18059973380763,1.7219520858415587,1.922809403585591,13.99724127672458,14.345520619782185,105.0,2.9
LOT-C-057,LOT-C,80.02082009383594,95.14127773932486,1.5347423064366403,1.6270136162865394,13.460683139870756,13.027269631517543,105.0,2.9
LOT-A-058,LOT-A,86.39604164025823,86.47590943812182,1.7235434948651738,1.3172117570362705,14.301064612840444,13.797896183557171,105.0,2.9
LOT-B-059,LOT-B,86.9588086955707,86.37853726358206,1.4031982361368847,1.40617733719864,13.609473746282493,13.702178149362023,105.0,2.9
LOT-C-060,LOT-C,87.25507351233686,83.27625335525894,1.5335429397390758,1.4677724420123588,13.855958764771728,14.371274675073481,105.0,2.9
LOT-A-061,LOT-A,90.62509531527573,88.1222722691825,1.1937792066313762,1.332171679743516,13.20964683608351,13.961348646824302,105.0,2.9
LOT-B-062,LOT-B,84.78670872981517,89.77544114014668,1.4444964543644006,1.723711100887112,14.29058699581131,13.453419464437744,105.0,2.9
LOT-C-063,LOT-C,86.56798757524182,85.9520867901469,1.8186437258798334,1.4333135306222982,13.403455864421863,13.200441332394215,105.0,2.9
LOT-A-064,LOT-A,82.08441124040097,91.57193509015404,2.2422812550387827,1.4412021577341902,14.133041038157206,13.790398535002053,105.0,2.9
LOT-B-065,LOT-B,83.37150522174169,88.28252197988125,1.5417708310823033,1.5204175081778497,14.475712405799394,13.013796594923424,105.0,2.9
LOT-C-066,LOT-C,89.60035308238572,90.95870771478836,1.455095950446231,1.7388707449975993,14.107161739043567,13.754984648758283,105.0,2.9
LOT-A-067,LOT-A,89.75276635467085,92.54881250639738,1.0919860023958632,2.084378312622627,14.597406389537703,14.053086219337871,105.0,2.9
LOT-B-068,LOT-B,92.25739145746329,83.30371329980662,1.57039290787163,1.4888686087134184,13.59448200888097,14.048133287227955,105.0,2.9
LOT-C-069,LOT-C,84.62361753359045,88.927554312141,1.1228548196545751,1.6588076795045514,13.831505865959974,13.446275525070057,105.0,2.9
LOT-A-070,LOT-A,84.9764754423614,97.8002606983277,1.297563928523766,1.4268395688458995,13.516846333644443,14.131574848141362,105.0,2.9
LOT-B-071,LOT-B,96.82647826405127,90.96157374768251,1.4206704960148733,1.5887895861035624,14.172684311119323,13.372015563591379,105.0,2.9
LOT-C-072,LOT-C,94.10237583433356,95.73294401055065,1.6175520037850792,1.8679937920204195,14.062411081741011,14.259515641817444,105.0,2.9
LOT-A-073,LOT-A,83.58390265558636,94.69730046227053,1.5061929995903365,1.5003821442703609,13.835935351151546,13.622836056828781,105.0,2.9
LOT-B-074,LOT-B,83.85252949080893,82.47174611620582,1.36447627552453,2.0776128786723165,14.4868993262065,13.934041920568681,105.0,2.9
LOT-C-075,LOT-C,92.98088695262874,87.22593495140221,1.580712081229557,1.7735188303927985,13.421548645282954,13.343620099930275,105.0,2.9
LOT-A-076,LOT-A,88.4081446881618,88.0906627216059,1.334110805115195,1.8004983536109667,13.707852244833287,14.067687422309438,105.0,2.9
LOT-B-077,LOT-B,87.97823937236517,88.17865157987379,1.6319182961702292,1.6552843019602872,13.566183883308009,13.555295809130465,105.0,2.9
LOT-C-078,LOT-C,91.14755997634735,92.34467355391548,1.921556952341023,1.25982157474728,13.66241826237684,13.55075287578228,105.0,2.9
LOT-A-079,LOT-A,88.72144455169273,87.51050806524057,1.4717042480844895,1.9035734800987678,13.862330630367634,13.280108951907334,105.0,2.9
LOT-B-080,LOT-B,93.60492654885148,93.8857090213579,1.4565100882911532,1.9161329080090286,13.542692866016433,14.105251427766953,105.0,2.9
LOT-C-081,LOT-C,87.08510879162975,85.96749346014026,1.5067239010458175,1.50088410367425,13.867248881930758,13.763037884145634,105.0,2.9
LOT-A-082,LOT-A,88.15037245416836,87.05089203908864,0.6847295474483021,1.724137259983911,13.136317967722078,13.78790780656484,105.0,2.9
LOT-B-083,LOT-B,92.74933370683343,90.70509680977278,1.5026408512622724,1.6532318229971579,13.753428080580258,13.50227301464778,105.0,2.9
LOT-C-084,LOT-C,85.54808412705219,85.43485775575245,1.8970405616659383,1.6959561489710886,14.134694988492816,13.60998162468383,105.0,2.9
LOT-A-085,LOT-A,88.30310455027056,88.75031635547253,1.715709013756806,1.9149252697333081,13.883896617453848,13.457426180491263,105.0,2.9
LOT-B-086,LOT-B,84.72419392681131,96.80035036676344,1.5299905811131274,1.6243134409332256,14.312752592764074,14.091630015658914,105.0,2.9
LOT-C-087,LOT-C,90.24211933930621,87.74265524417629,2.188299398001052,1.802173184778591,13.991444917523353,13.638401792600396,105.0,2.9
LOT-A-088,LOT-A,82.05990873907345,83.62704691389546,1.701744547934138,1.8018756518315588,13.716000586609942,13.278193834596177,105.0,2.9
LOT-B-089,LOT-B,81.94503697724717,88.05745707697196,1.235968017004369,1.933717987346444,14.20343267363002,14.71845229871359,105.0,2.9
LOT-C-090,LOT-C,91.68893329728327,86.89146173859777,1.3820837535237256,0.8025506968791698,13.591788801524334,13.636289404181802,105.0,2.9
LOT-A-091,LOT-A,92.06479047954706,92.19104067402284,1.7470874350949424,1.7555431768360426,14.03131851065138,14.221136000527029,105.0,2.9
LOT-B-092,LOT-B,83.52751706684684,87.48787830719165,1.2528671087964138,2.1208516805742605,14.253904193129816,13.970822298853081,105.0,2.9
LOT-C-093,LOT-C,82.96608403800033,90.2609571353806,1.5413401600608665,1.7210150326328226,13.734158654635799,13.887183016919343,105.0,2.9
LOT-A-094,LOT-A,86.34167255030405,93.26011022679873,1.6603487145632991,1.6238001952223062,13.760851321576496,13.54138853206637,105.0,2.9
LOT-B-095,LOT-B,91.41831299850806,88.30555626613597,1.6737225992790443,1.5979748069965853,13.280214343605012,14.026197585935275,105.0,2.9
LOT-C-096,LOT-C,83.55586864617663,92.48830826101877,1.7050381939726238,1.269431305336276,13.46936145210309,13.51492376950734,105.0,2.9
LOT-A-097,LOT-A,84.55298422258824,84.29888876209895,1.785023919974682,1.6377285955851066,13.93499170299542,13.545016956553962,105.0,2.9
LOT-B-098,LOT-B,89.28238002131818,86.19493604142406,1.5933708063254524,1.8512799063660228,13.81577548521327,13.535440315182962,105.0,2.9
LOT-C-099,LOT-C,83.43600070931002,90.23758503277134,1.6862363763013843,1.6328265430392321,13.530737884177583,13.89532989210139,105.0,2.9
LOT-A-100,LOT-A,98.42326785711288,88.1691672912758,1.6841848611902774,1.7981221755361239,12.901737297725033,13.744590444337355,105.0,2.9
LOT-B-101,LOT-B,85.03262145023807,95.59262712894095,1.5365035447269983,1.4978406904206962,13.723525232372763,13.759961980912625,105.0,2.9
LOT-C-102,LOT-C,85.64839660364063,120.74999999999999,1.2614600421143272,3.3349999999999995,14.07148550663025,14.40890201924052,105.0,2.9
LOT-A-103,LOT-A,90.96736244438114,90.69650898352448,1.895941464483609,1.96496825158962,14.382344945562407,14.089756107385588,105.0,2.9
LOT-B-104,LOT-B,87.5049729583237,90.63716949559067,1.6447903137493833,1.778556192911341,13.870112381164049,13.418325632790287,105.0,2.9
LOT-C-105,LOT-C,79.16472926782356,86.54461410777355,1.0934913779080881,1.7176693679194261,13.801587735853634,13.096793178717263,105.0,2.9
LOT-A-106,LOT-A,90.89030630193734,93.31417557274698,1.6239629472733152,2.133593238480098,14.455082940325026,13.265842161329749,105.0,2.9
LOT-B-107,LOT-B,92.35416160396446,91.43973066634067,1.704579944136681,1.9429563545880861,13.548291271414556,13.486745924038992,105.0,2.9
LOT-C-108,LOT-C,84.5279771291996,86.17842955720579,1.5753720664552107,1.3225257162614836,13.4339954180536,13.907910184061912,105.0,2.9
LOT-A-109,LOT-A,87.70195659620282,91.18500107995155,1.1276848791964622,1.4961981507983664,13.605602071541096,13.711712533312554,105.0,2.9
LOT-B-110,LOT-B,85.53760647905263,93.60614435662828,1.5854309709416372,1.704423681755371,13.804738360547377,13.954874761796281,105.0,2.9
LOT-C-111,LOT-C,86.01919300870131,94.43853264200246,1.7150146506723276,1.7400496035025659,13.814607770641757,13.887309428437746,105.0,2.9
LOT-A-112,LOT-A,92.26464445930202,93.66032122169396,1.693965039452719,1.927946876283694,13.84142536501024,14.150896471752777,105.0,2.9
LOT-B-113,LOT-B,87.88825266971898,80.36938719121359,1.9344706417380866,1.728041282886581,13.390122544227083,13.628639465396198,105.0,2.9
LOT-C-114,LOT-C,84.2878989786568,98.7409212865173,1.7244212368958352,1.292135094592538,13.991157591229102,13.55645361626435,105.0,2.9
LOT-A-115,LOT-A,96.05049001078063,84.86813495961643,1.0382426241696683,1.7171259867292594,13.678190427657599,13.550029135436475,105.0,2.9
LOT-B-116,LOT-B,79.00679552316461,91.37796114526876,2.018336286960652,1.2036472389645914,14.209928290598008,13.495261931568542,105.0,2.9
LOT-C-117,LOT-C,97.86582214249343,91.4184348526149,1.5530389071635367,1.9873992591309384,13.984109957762403,13.4867158486463,105.0,2.9
LOT-A-118,LOT-A,90.98291116181369,87.25293817048151,1.152878008214098,2.228213970244326,13.67764591474037,13.480754959759652,105.0,2.9
LOT-B-119,LOT-B,89.4226326665109,82.63761982544368,1.26160533795027,1.570091857982121,13.618097367706497,13.725880138095008,105.0,2.9
LOT-C-120,LOT-C,92.71474239512932,87.41428131820584,1.7231996181874665,1.8564017002349142,13.420573616440743,13.782244060248608,105.0,2.9
LOT-A-121,LOT-A,84.04079700684356,94.18115447601025,1.713772469518123,1.704291069733924,13.331105121187111,13.741756403702713,105.0,2.9
LOT-B-122,LOT-B,84.77848444297791,92.60623561798995,1.5701683744086248,1.4887904136492616,14.123931264128908,13.959752624376833,105.0,2.9
LOT-C-123,LOT-C,85.50815226842354,94.6129224637853,1.5254013312039152,1.6196205802569945,13.843330366893891,13.429051849318537,105.0,2.9
LOT-A-124,LOT-A,86.14511241280752,88.7938911737862,1.982570752414464,2.0899089329098137,13.70939542979333,14.279757586590339,105.0,2.9
LOT-B-125,LOT-B,87.8181956503817,91.17455498237061,1.8208944584434825,1.7759324348120546,14.645313771463668,13.787604673125383,105.0,2.9
LOT-C-126,LOT-C,82.97012516885454,95.2440722878624,1.4969841266219897,1.6208850338494776,12.752914490773108,14.060354923875202,105.0,2.9
LOT-A-127,LOT-A,91.43748641573315,93.01568568282205,1.8446014741315198,2.139660052810502,13.783899352834533,14.037541939340983,105.0,2.9
LOT-B-128,LOT-B,84.87587278975576,87.94327479187739,1.8641900385823733,1.801692195505064,13.33330468259767,13.830078576637172,105.0,2.9
LOT-C-129,LOT-C,87.23177194838668,85.89786831895148,1.708571762578524,1.5948285186529008,13.250328609020801,13.299984099678248,105.0,2.9
LOT-A-130,LOT-A,95.43051432148349,82.83431276903852,1.655700546770122,1.8586145377201606,14.02371616620511,13.258830202890097,105.0,2.9
LOT-B-131,LOT-B,86.64953968870768,90.11972559056586,1.8000523151197088,1.5323101838843727,13.392783923381062,14.060926657697783,105.0,2.9
LOT-C-132,LOT-C,92.6416453131567,91.12831924661566,1.4478032108255905,1.8057580304097562,13.838258746143053,-107.97476956927156,105.0,2.9
LOT-A-133,LOT-A,82.7537255431742,90.01154739741155,1.5602340378334716,1.4114822341916715,13.875476887292923,13.712570420916418,105.0,2.9
LOT-B-134,LOT-B,86.2764935981338,91.24252649949814,1.2453007473176338,1.686053133775403,13.950994958022648,13.802246428925242,105.0,2.9
LOT-C-135,LOT-C,92.52099668422339,84.21510467359914,1.223029893841814,1.762157612935147,13.959303384602599,14.463136565543671,105.0,2.9
LOT-A-136,LOT-A,90.5897724000692,85.65462749157554,1.8015074337254442,1.4801361615858526,13.279957419020318,14.63927631669651,105.0,2.9
LOT-B-137,LOT-B,89.36846659346917,92.6457827799517,1.7408875631744167,2.171139961263274,13.899437280766277,14.138371291764653,105.0,2.9
LOT-C-138,LOT-C,83.68540783000826,83.37449164158835,1.9566392525618994,2.0834635267863377,13.978754035359746,13.781383941339666,105.0,2.9
LOT-A-139,LOT-A,88.69794169754194,86.47208971488888,1.9846594749966004,1.8713090118562734,13.977066905575773,13.835405096289849,105.0,2.9
LOT-B-140,LOT-B,92.40123384969885,91.72202331940102,1.7863399423977997,1.3960779725326122,13.97851154946233,14.487392543981056,105.0,2.9
LOT-C-141,LOT-C,85.822203377954,88.93315297900823,1.8229859272275064,1.9488988230574795,14.018549482197358,13.117663905265841,105.0,2.9
LOT-A-142,LOT-A,90.10726715381502,84.2918321346153,1.3938245204238247,1.8424939844219959,13.69646155675398,13.991464248697197,105.0,2.9
LOT-B-143,LOT-B,101.2221823457536,92.91959222168936,1.780713163253618,1.467110855471088,13.574962504298865,13.317081720841603,105.0,2.9
LOT-C-144,LOT-C,85.76309748659003,84.6962909539076,1.4350774957334727,1.645732322817321,13.449799146209848,13.189125043653526,105.0,2.9
LOT-A-145,LOT-A,82.28185319677407,91.49725289453241,1.6149366328404908,1.9667444853618619,14.165553726463521,13.577369988097674,105.0,2.9
LOT-B-146,LOT-B,90.81418301249904,83.16170959514234,2.1707558842595938,2.0108051177888697,13.724738311688888,13.28124820372277,105.0,2.9
LOT-C-147,LOT-C,89.59620402424824,81.27167647467337,1.4051743909734111,1.8946769653411781,13.826407150032914,13.523252696896272,105.0,2.9
LOT-A-148,LOT-A,91.99310623237491,84.93001035206312,1.6711751539571933,1.5705497696526476,13.503420340114262,13.866822473582154,105.0,2.9
LOT-B-149,LOT-B,83.82990637665159,97.86882837447763,1.4538207886330006,2.217353195573483,13.417110223736888,13.918142510598488,105.0,2.9
LOT-C-150,LOT-C,82.96178209510393,83.59908384532451,1.6399263357684184,1.8761652958549706,13.354007966313212,14.126292944194537,105.0,2.9
LOT-A-151,LOT-A,84.65008413709896,90.07737983628579,1.6949447149378098,1.8546172371800014,13.170765730170125,14.282682542401966,105.0,2.9
LOT-B-152,LOT-B,90.35953102697628,87.6273886841855,1.3439615243025007,1.259541402386398,13.323501874368276,13.896177852465403,105.0,2.9
LOT-C-153,LOT-C,86.56749220189408,84.52132982101881,1.468266258619796,2.106669260526518,13.684263784861628,13.489598631627553,105.0,2.9
LOT-A-154,LOT-A,93.67254548638286,91.53232344622486,1.611070207271495,1.541976707705903,13.256656226424061,13.278604692263999,105.0,2.9
LOT-B-155,LOT-B,85.9820612697519,88.53364691823091,1.6890605710068598,1.843458829109653,13.878022545823914,13.779347061851588,105.0,2.9
LOT-C-156,LOT-C,83.76839629524532,80.01907825001899,1.4697810437110492,1.4519212019799757,13.57158056661053,13.601160568945032,105.0,2.9
LOT-A-157,LOT-A,82.77685028402978,84.61375414440354,1.5749207338879867,1.7301003358889249,13.570400602729743,13.879382624755328,105.0,2.9
LOT-B-158,LOT-B,87.07829020811823,85.01238241479231,1.6101826669813057,2.189427532096292,13.563775829887888,14.119810309404198,105.0,2.9
LOT-C-159,LOT-C,93.7866587488134,96.09191104488443,1.3943429963996739,2.2239972221565285,13.840722310395506,13.608635993584704,105.0,2.9
LOT-A-160,LOT-A,87.03253875698857,92.14692357495981,1.612781883161745,1.6540068630148825,14.249256120581123,13.43980543840235,105.0,2.9
LOT-B-161,LOT-B,83.61879549754967,92.98966243700141,1.775899345198603,1.9844341592396373,13.424730084108104,14.089300925266024,105.0,2.9
LOT-C-162,LOT-C,90.02448956392682,97.2553319163713,1.2879280848620915,1.7567424906151854,13.702851403183388,13.127684268034345,105.0,2.9
LOT-A-163,LOT-A,84.99747065709612,94.45908226484482,1.4827598305307872,1.5121246383900098,14.103891137160574,14.05599560251986,105.0,2.9
LOT-B-164,LOT-B,92.14449260237514,86.02534915128435,1.5854978117689538,1.967971376334203,13.570388054902914,13.430240778443787,105.0,2.9
LOT-C-165,LOT-C,91.4785743033134,96.37433425423707,1.311981314029503,1.0246322120346854,13.292389243459816,13.335517118554888,105.0,2.9
LOT-A-166,LOT-A,87.42175786640857,92.20973651309652,1.5633747031725846,1.5179117257912387,13.853679390097989,13.353726168851752,105.0,2.9
LOT-B-167,LOT-B,87.80293456459222,86.67709876749451,2.2700857967424897,1.91236460442378,13.507744951307412,13.341103684618188,105.0,2.9
LOT-C-168,LOT-C,86.1596515049415,82.26254947640409,1.4173763846554166,1.5080609495582467,14.109373991256907,13.54642388617262,105.0,2.9
LOT-A-169,LOT-A,84.67970771941545,83.60195031119308,1.3058403627050692,1.6827474270008766,13.724704813900486,14.108330585965396,105.0,2.9
LOT-B-170,LOT-B,85.35765143539405,94.16041086078032,1.6642815780458522,1.6987947213231367,13.09709350840839,13.235579053402832,105.0,2.9
LOT-C-171,LOT-C,91.1140011931388,95.650407394318,1.6516122012933703,1.8982571018709256,13.657297250327796,13.566313666121227,105.0,2.9
LOT-A-172,LOT-A,85.21555698019829,93.78867458701362,1.6856993462683818,1.639115977727535,13.685063057347135,13.900342011114263,105.0,2.9
LOT-B-173,LOT-B,89.35708528665842,85.83901535264006,2.028996469362079,1.7668275192828389,-117.92261589493165,14.231822842626526,105.0,2.9
LOT-C-174,LOT-C,92.30087138999197,89.11294582224961,1.7339962952988086,1.4218056351123531,13.575704976844401,12.886280679097824,105.0,2.9
LOT-A-175,LOT-A,93.12554150002569,81.1469895899246,1.7703188084866985,1.4840240085281524,13.457359986263848,13.62978888486059,105.0,2.9
LOT-B-176,LOT-B,89.11893115495651,92.19326850848134,2.0429079212486028,1.793239655020627,14.10841837707196,13.484543956455399,105.0,2.9
LOT-C-177,LOT-C,90.9976295127355,90.17438251333265,1.484203949016191,1.6750453779005188,13.778280714186657,13.768802930909834,105.0,2.9
LOT-A-178,LOT-A,89.68584295148561,120.74999999999999,1.414806638865051,3.3349999999999995,13.206207146488595,13.477445605702203,105.0,2.9
LOT-B-179,LOT-B,94.52099390353206,77.5883301557125,1.4267369945636015,1.8788070412276099,13.222387578457296,14.635331163688637,105.0,2.9
LOT-C-180,LOT-C,77.12870496372214,95.82086158478748,1.989335341454364,1.9382516151382205,13.722445049753295,13.828584152947682,105.0,2.9
LOT-A-181,LOT-A,84.23155046117557,93.06102850024617,1.3200337719697108,1.6287927772745598,14.148687247884263,13.298850953720228,105.0,2.9
LOT-B-182,LOT-B,86.47007206328617,90.22276523235436,1.264552915032837,2.002736849241652,13.91927093171777,13.154387609219407,105.0,2.9
LOT-C-183,LOT-C,87.80272959493155,86.08852524540399,1.4356105083641124,1.7199536471687378,13.551608177615396,14.047224183176402,105.0,2.9
LOT-A-184,LOT-A,85.04043420657518,93.81952333998916,1.5890601360184609,1.9224998590496798,13.610532869705857,13.518097779049983,105.0,2.9
LOT-B-185,LOT-B,83.15964579188339,92.04310682133134,1.834448813382601,2.2509890263155,14.251684631346794,13.78992104457287,105.0,2.9
LOT-C-186,LOT-C,87.11392381104928,91.21029542724878,1.5930655723789735,2.08050388983155,14.130380390868147,13.398765992144249,105.0,2.9
LOT-A-187,LOT-A,85.11195175643168,95.51604037571946,1.6770200336921273,1.6397426143202911,14.215217656747592,13.560466117813112,105.0,2.9
LOT-B-188,LOT-B,86.82494285595776,87.47084521857735,1.10958187335433,1.9247068174661248,13.376820439690695,13.495270621008236,105.0,2.9
LOT-C-189,LOT-C,84.87573809251441,92.69875864865645,1.5828543042740195,1.7040083030946764,13.212189072135486,13.668522662635509,105.0,2.9
LOT-A-190,LOT-A,81.7994009804998,90.85166678092246,1.6916807483744098,1.6954766544888489,14.515100290049741,13.889982409121203,105.0,2.9
LOT-B-191,LOT-B,90.50246153514155,90.12616995341712,1.5518104808654332,1.9511387477706204,14.185507339586165,13.231582269847694,105.0,2.9
LOT-C-192,LOT-C,92.42885634008505,91.76082208451957,1.8401750181772336,1.8212064829941612,13.364505596960544,-115.82103191757913,105.0,2.9
LOT-A-193,LOT-A,95.66328022240879,90.610665022047,1.2456861264602832,1.790514320028108,13.673256738854072,13.036370975911401,105.0,2.9
LOT-B-194,LOT-B,78.38120967881588,82.44826654550762,1.667948135657164,1.687501223290498,13.712794283281145,13.802484135366544,105.0,2.9
LOT-C-195,LOT-C,90.52474779261462,80.24896726604602,1.5247122044637542,1.484742190907886,13.368381757773793,13.503007539898759,105.0,2.9
LOT-A-196,LOT-A,87.48393718926405,88.32803159113769,1.2363331716410688,1.5743811261929226,14.505541512173389,13.320360256143283,105.0,2.9
LOT-B-197,LOT-B,80.91420949030878,90.71106290541312,1.7491570402037178,1.8206514665447502,13.408098862453723,14.059314173087149,105.0,2.9
LOT-C-198,LOT-C,84.70160480827543,84.50654360134128,1.4478806192050109,1.6717378682526114,14.04993199982256,13.924579457247804,105.0,2.9
LOT-A-199,LOT-A,87.90550306155434,93.60478444498747,1.6203723933496619,1.9329558149881212,13.308645921816783,13.133297362621835,105.0,2.9
LOT-B-200,LOT-B,91.25802587578944,83.38363723704559,1.5246201998811533,1.6744932844759877,13.629217205770939,13.536743789414437,105.0,2.9
LOT-C-201,LOT-C,93.8490314897482,78.36975336260133,1.8209684086807074,2.296744809126327,13.808254596198124,13.69316907362741,105.0,2.9
LOT-A-202,LOT-A,91.0507573416167,97.54695997849929,1.3029877627202495,1.7227992267243588,13.734824216294038,13.901377259662327,105.0,2.9
LOT-B-203,LOT-B,88.66858412500395,92.40247370930388,1.4945918295196143,1.7127405604478154,13.565380166857487,13.460855418676623,105.0,2.9
LOT-C-204,LOT-C,87.40553266917377,88.87515641765071,1.3068790644409929,2.1082151786202816,13.752720568423152,13.201867725351121,105.0,2.9
LOT-A-205,LOT-A,-38.84486842058108,86.2075555901909,1.7270703336861661,1.6955755860814108,13.887715679467135,13.761567591025328,105.0,2.9
LOT-B-206,LOT-B,85.58429533574899,89.68016366355742,2.108273013429632,1.118222480343355,13.823084987338948,13.856593330140496,105.0,2.9
LOT-C-207,LOT-C,83.58045962943484,83.4704686012962,2.1397289780845736,1.6034090291098688,14.52764830656096,13.89287479170664,105.0,2.9
LOT-A-208,LOT-A,88.31979245352088,91.59427025301315,1.7587513613640167,2.006710358078046,13.952535545923938,13.752059825882066,105.0,2.9
LOT-B-209,LOT-B,88.74040757112188,95.44841861714751,1.804242060538024,1.4394743961361232,13.577529920959247,13.819069576667854,105.0,2.9
LOT-C-210,LOT-C,85.38373043374136,87.84345711464897,1.3610201045702492,1.6319728565243303,13.948269674054279,14.058258181899538,105.0,2.9
LOT-A-211,LOT-A,-42.970535251763025,98.62934013028797,1.5808966531528004,2.5302900206450403,14.150578231185134,13.878820075456083,105.0,2.9
LOT-B-212,LOT-B,85.90405869495801,77.0722263109531,1.5612170968378325,1.7463367565342869,14.472858621734261,13.203290161630983,105.0,2.9
LOT-C-213,LOT-C,96.00472272594331,88.39452461541536,1.7810142196263634,1.0396399319623377,13.848660633528295,13.576256460584812,105.0,2.9
LOT-A-214,LOT-A,90.86620352265008,89.9013912661298,1.3144400946469617,1.9462167856951473,14.043120058755557,13.914836550606557,105.0,2.9
LOT-B-215,LOT-B,92.23744452093517,94.34425674150434,1.594547082773523,1.3470090570801776,13.315263204747888,14.185910444234777,105.0,2.9
LOT-C-216,LOT-C,90.98387924447657,89.94892912918917,1.491337936200106,1.708204845464469,13.808677973521162,13.578766865747188,105.0,2.9
LOT-A-217,LOT-A,85.06409530721211,99.02299415094814,1.6571399845880657,1.5424908019921213,13.344278427438592,13.438750278910419,105.0,2.9
LOT-B-218,LOT-B,91.02285121929266,92.83688836148069,1.5454116137154132,1.7134447804133641,13.693231635448635,13.301178932131048,105.0,2.9
LOT-C-219,LOT-C,93.46708220584443,91.13959536531003,2.2190888132574518,1.5033957252912773,13.751863321072904,14.017869278643474,105.0,2.9
LOT-A-220,LOT-A,86.97060214421992,83.39414187725703,1.3627825945252923,1.7261950170665934,13.920178565117524,13.665942082428499,105.0,2.9
LOT-B-221,LOT-B,92.21463751602005,93.86816838503294,1.6806947859699308,1.7069918953914751,13.711487686036628,13.898369047313254,105.0,2.9
LOT-C-222,LOT-C,91.86242883800668,89.766661185186,1.7124995583558487,1.6156785726055927,13.305957647249699,13.339656434463272,105.0,2.9
LOT-A-223,LOT-A,91.21621722267915,91.46681326705912,1.9975534180095185,1.7145855915332526,14.102670808257223,14.176286095000533,105.0,2.9
LOT-B-224,LOT-B,92.1766906920124,86.82239343450654,1.5538585430601146,1.7337409123226124,13.454945958396065,13.870743865437557,105.0,2.9
LOT-C-225,LOT-C,92.30075169849721,87.38423841269822,2.0931385541506464,1.624411773258595,13.728964708492411,13.614219615728649,105.0,2.9
LOT-A-226,LOT-A,85.02524057776392,91.33857590175913,1.6050064701489066,2.1319566827392187,14.012558475350017,13.89356821629101,105.0,2.9
LOT-B-227,LOT-B,87.06954104650828,83.27737605622472,1.5776241503330124,1.4789240952367328,14.133145143770317,13.689040560603896,105.0,2.9
LOT-C-228,LOT-C,94.99611998288141,92.73536536777584,1.8088839889120256,1.7599708583354947,13.873035317044428,13.93517823219031,105.0,2.9
LOT-A-229,LOT-A,91.87520903103805,86.37349084590703,1.7230701693271617,2.3814826780439775,13.768608490586592,13.608004370382519,105.0,2.9
LOT-B-230,LOT-B,85.09162627970906,83.12631741244992,1.897221606785286,1.7158510087586805,13.904869660224554,14.364140337158377,105.0,2.9
LOT-C-231,LOT-C,98.53859482277066,85.59039795551905,1.8636396277355542,1.86219981321388,13.939857327860242,13.872792341629207,105.0,2.9
LOT-A-232,LOT-A,87.90954102867143,96.50164580344735,1.754162094429861,1.7902277428727993,14.237298472168343,14.023668451266238,105.0,2.9
LOT-B-233,LOT-B,89.94373169055854,90.95004235502171,2.039613471393581,1.8331986719200624,13.769541868679752,13.39243452085048,105.0,2.9
LOT-C-234,LOT-C,86.56694318494732,84.8936363438595,1.6276144522624203,1.7675575685903144,13.083230015319288,13.707601875208933,105.0,2.9
LOT-A-235,LOT-A,90.73801984615727,90.24486622673163,1.3620130780473505,2.0305705803363665,13.557191873653451,13.25873063006848,105.0,2.9
LOT-B-236,LOT-B,83.47167158447732,89.44725010835246,1.846346221647694,2.003674180541929,13.874222737219435,13.271094842688754,105.0,2.9
LOT-C-237,LOT-C,85.25032948747806,85.55860383791754,1.5558672067713755,1.2391829279507915,13.839462527605312,13.93275598374328,105.0,2.9
LOT-A-238,LOT-A,87.37979991169104,91.53012755609872,1.3656382080364873,1.3220485532529827,13.577394301801455,14.116901114932084,105.0,2.9
LOT-B-239,LOT-B,92.32979950349372,87.49376790171381,1.9011567693914704,1.6157378245255896,14.329434810394215,13.874009129176768,105.0,2.9
LOT-C-240,LOT-C,86.10472044862632,93.00214591095224,1.4064793281885304,1.456835019390883,13.292305568514703,13.793090495290938,105.0,2.9
LOT-A-241,LOT-A,87.77673200775054,89.16070165271157,1.4975369672576566,2.0738500165613774,13.65173791560069,13.439571521316527,105.0,2.9
LOT-B-242,LOT-B,93.233671713489,95.75364857466582,1.684714695795008,1.2475927719639148,13.590101153412894,13.920645133718859,105.0,2.9
LOT-C-243,LOT-C,88.07443873866002,96.33793254373778,1.2582713676772268,1.8763790535852185,13.58053835911344,14.176294910577576,105.0,2.9
LOT-A-244,LOT-A,87.68450875647206,94.03484151879992,1.438117728479089,1.3335303089998722,13.411365919912361,13.481588344841938,105.0,2.9
LOT-B-245,LOT-B,83.69578271184841,94.7820298737896,1.9347276140504477,1.770992084606584,13.438031720192521,13.65738652886122,105.0,2.9
LOT-C-246,LOT-C,85.11890327376716,95.8979276320267,1.6789858786770484,1.827253500436318,13.660110908446898,12.975924222049409,105.0,2.9
LOT-A-247,LOT-A,84.76123573098053,84.58681841330558,1.692563700867019,1.7251004717033318,13.519430445662351,13.560100796896286,105.0,2.9
LOT-B-248,LOT-B,94.57920235919379,85.278890538808,1.3705114490927188,1.640631005669351,13.555302074804871,13.545650951690291,105.0,2.9
LOT-C-249,LOT-C,90.23208455664943,97.12178623755584,1.1551265231784862,1.6952564687592082,13.814503483037887,13.6697844412739,105.0,2.9
LOT-A-250,LOT-A,87.21413398826905,88.00236999401744,1.8510482041049725,1.5790642167141895,13.755439423686575,13.699959080264792,105.0,2.9
LOT-B-251,LOT-B,88.45148143903188,88.74819938228714,1.8498114790248468,1.6977435127730272,13.86092130984428,13.681476864760759,105.0,2.9
LOT-C-252,LOT-C,83.78729742996487,85.84814416127365,1.3374982202353474,1.7500886307822305,13.550277311808497,13.317900359494924,105.0,2.9
LOT-A-253,LOT-A,89.00004477176591,91.81013957252044,1.1597977045831587,2.139314934535137,13.81129839696709,13.662139754605496,105.0,2.9
LOT-B-254,LOT-B,92.48045580482317,89.80717450337922,1.4490352600431289,2.270589334230727,13.423961472194582,13.664856485339405,105.0,2.9
LOT-C-255,LOT-C,91.55821797219699,84.79355988341034,1.5744930064277889,1.8005068765139647,14.640576566307896,13.378593014997586,105.0,2.9
LOT-A-256,LOT-A,87.79982116100575,92.39831137480019,1.6202613386024884,1.3872597054665192,13.942845139050467,13.738717980362617,105.0,2.9
LOT-B-257,LOT-B,89.87165106749315,94.47845093578681,1.8532990931660898,1.8060182178071458,13.908705163550996,13.304550182458758,105.0,2.9
LOT-C-258,LOT-C,87.43587773846761,90.46941502837024,1.4997461874142188,1.7253782680955512,13.511138028470775,14.252357503923763,105.0,2.9
LOT-A-259,LOT-A,97.03873266959987,87.78599688651656,1.700089627974729,1.639118586589506,14.242001367829202,13.856598880850775,105.0,2.9
LOT-B-260,LOT-B,88.3248007332077,88.51588278588034,1.6315318368871088,1.4399036582467106,14.036436372023132,13.442961833617865,105.0,2.9
LOT-C-261,LOT-C,90.24650389260623,90.07039460860068,1.873735781561941,1.6955818648006031,14.15807484515818,13.367953016559898,105.0,2.9
LOT-A-262,LOT-A,90.5596678100499,88.51397529731106,1.6485544756787804,1.718654877936639,14.127701892621177,12.972939499422246,105.0,2.9
LOT-B-263,LOT-B,89.35694331547306,82.92420598042554,1.9017042086387739,1.1870867694141634,13.448676375647631,13.097403500705587,105.0,2.9
LOT-C-264,LOT-C,94.88479161616901,83.82840649972873,1.6284786260184905,1.5606939099507187,13.170083158481683,13.578576321793664,105.0,2.9
LOT-A-265,LOT-A,90.78348805360996,88.68921939547239,1.8352699983561573,1.6058995606442519,13.802400461261646,13.561472448552935,105.0,2.9
LOT-B-266,LOT-B,89.44298689542008,97.8552119197884,1.6905601474294185,1.7505547286608438,13.583554868847665,13.428027062996723,105.0,2.9
LOT-C-267,LOT-C,94.14909106670518,84.60615081063165,1.3717145381868503,1.6746626988302948,13.650791348731447,14.404228058894505,105.0,2.9
LOT-A-268,LOT-A,78.06182590769514,91.08999335496185,1.7781776132757494,1.4086716685989766,13.574398005524415,13.855739587400981,105.0,2.9
LOT-B-269,LOT-B,94.84395502022252,85.4497411597482,1.2051944349525827,1.9528420907742605,14.33331014053351,13.579388627112039,105.0,2.9
LOT-C-270,LOT-C,78.70209554462942,95.88820366420101,1.5503674027447625,1.99221355206578,13.784781346472434,13.56476724335694,105.0,2.9
LOT-A-271,LOT-A,86.10196671422305,95.9831580788994,1.958612819499639,1.144159099117481,13.472310756598096,14.339748378093674,105.0,2.9
LOT-B-272,LOT-B,86.45736749332184,83.51391702399462,1.6011164343298327,1.671824632724961,13.765929237647216,13.527357362070955,105.0,2.9
LOT-C-273,LOT-C,86.69767662209502,87.4940058755755,1.683476661619669,1.4886876344640867,13.698624495437274,13.648133397598427,105.0,2.9
LOT-A-274,LOT-A,93.48411180668731,91.1430089899967,1.572574929963827,1.839408872370195,13.94214140040662,14.091620548372541,105.0,2.9
LOT-B-275,LOT-B,90.12735549221864,97.39320706042555,1.9361542615832772,1.6893396336193454,13.654921625344764,14.017720071232965,105.0,2.9
LOT-C-276,LOT-C,90.16984193603496,89.08389654988069,1.2307621171126837,1.2235828009914962,13.9218904927433,13.977503215566328,105.0,2.9
LOT-A-277,LOT-A,91.3744290247868,83.83644424075902,1.8593359606107922,1.561119097952248,13.935947532620833,13.850008894880599,105.0,2.9
LOT-B-278,LOT-B,84.62955697060718,86.8981697844726,1.0817368141941213,1.461647458106041,13.169110279296191,13.85744856732844,105.0,2.9
LOT-C-279,LOT-C,88.25795104745887,93.52182910391964,1.6891355577973297,1.534962993159898,13.921170373011924,13.55944695905004,105.0,2.9
LOT-A-280,LOT-A,90.55805910066604,90.8876410494734,1.3528566928930994,1.7005717607124253,13.819366916362807,13.589224057187694,105.0,2.9
LOT-B-281,LOT-B,91.75860761919083,97.03742396309492,1.5080665717375792,1.6088183944025967,13.013177887742316,13.653589013539811,105.0,2.9
LOT-C-282,LOT-C,86.16803265926679,79.99081175078777,1.6721234173027952,1.8536634332440982,13.543062641983818,13.565859561466379,105.0,2.9
LOT-A-283,LOT-A,83.94076798635689,92.85518535063684,1.2206390021356421,1.618552064486065,14.482875258725548,13.71857165624427,105.0,2.9
LOT-B-284,LOT-B,89.96531377676546,88.85472184145519,1.3063935333166015,1.6915054653228971,13.942265786673445,13.331849009672197,105.0,2.9
LOT-C-285,LOT-C,89.43477844775964,94.97760412761856,130.74286322360172,1.2884862272080255,13.458652143830848,13.119075444002185,105.0,2.9
LOT-A-286,LOT-A,92.49885186619919,92.1854491434145,1.7757851401676903,1.471628920550013,13.391666914139847,13.727686783508222,105.0,2.9
LOT-B-287,LOT-B,88.42413135057593,85.74128499161378,1.63554397134144,1.8675876931865987,13.879805522506516,13.325823366794246,105.0,2.9
LOT-C-288,LOT-C,79.12681892164412,88.36092823295125,1.6410887277473722,1.6323782119452144,13.650077452205746,13.45107972930036,105.0,2.9
LOT-A-289,LOT-A,91.00567964892556,89.26955141587374,1.6308051438440005,1.4474038588553024,13.58285241432819,13.758967242073261,105.0,2.9
LOT-B-290,LOT-B,83.7772450881498,83.959084507896,1.5177122495761637,2.0122524008585954,13.866833122391327,14.225455822961985,105.0,2.9
LOT-C-291,LOT-C,87.44760485404456,88.13571241222397,1.25194065382784,1.5501816179458272,14.302314308007864,13.817918098100547,105.0,2.9
LOT-A-292,LOT-A,91.07910862940648,92.60243046147166,1.5976136400076917,1.6467504434934725,13.841714250613673,13.941668752604047,105.0,2.9
LOT-B-293,LOT-B,89.92303809673298,91.6646777317745,1.6385360438550358,1.499817181140405,13.708441602724083,13.361076892570786,105.0,2.9
LOT-C-294,LOT-C,92.21956303535941,80.25100676268544,1.545534021149758,2.3206749991619233,13.680462907416803,13.291477536149806,105.0,2.9
LOT-A-295,LOT-A,206.39352727152115,95.17325600224035,1.5598873955601538,1.8594706881815275,13.834983546131298,13.565765697715685,105.0,2.9
LOT-B-296,LOT-B,101.2312090185992,89.81306280560996,1.4657105651773203,1.5726043342586258,13.933201074453306,13.847318264211404,105.0,2.9
LOT-C-297,LOT-C,91.24244877494353,90.12103374527864,1.2420954575117156,1.838299709070594,13.691862831374937,13.597003941079949,105.0,2.9
LOT-A-298,LOT-A,81.77177611781723,86.97649114071649,1.4182904464260908,1.6905194008060693,13.291303333837492,13.718236265342254,105.0,2.9
LOT-B-299,LOT-B,88.5222111612871,84.57302145250667,1.4438359084254686,1.4770360734792751,14.117665072339236,12.789824996417524,105.0,2.9
LOT-C-300,LOT-C,86.5580355353845,82.19368229013511,1.4920821004938498,1.9201526174649457,13.579286052210442,13.749819899176591,105.0,2.9
