Serial_No,Lot,Temperature_Cold,Temperature_Hot,Pressure_Test,Clearance_mm
LOT-A-001,LOT-A,101.8853632028534,111.31586667095931,33.138656473315464,1.1907885752943057
LOT-A-002,LOT-A,91.31221038116287,100.56921247420561,28.768652276096866,1.2274306357261942
LOT-A-003,LOT-A,105.8028751196776,111.73410671502783,32.670579970420285,1.2340167505994626
LOT-A-004,LOT-A,107.8727725655691,115.01582471198206,33.70983131468632,1.3107629490691897
LOT-A-005,LOT-A,84.62486248227201,91.84656878682927,26.20395701020078,1.250005063585485
LOT-A-006,LOT-A,88.50022689478719,97.38215758405619,27.69276554425066,1.3755900985358358
LOT-A-007,LOT-A,103.38275557905115,109.87623418847835,30.706598432099053,1.183255311680995
LOT-A-008,LOT-A,99.25677369088463,105.79316245244573,30.599833093701204,1.1453248407815484
LOT-A-009,LOT-A,101.25674846230295,108.76367867559166,30.069988581857782,1.221708511553003
LOT-A-010,LOT-A,93.57122438594614,100.73463406247676,28.65071411097468,1.2437907039160423
LOT-A-011,LOT-A,106.6572177315923,115.90312352701979,34.35810055605433,1.096000493544122
LOT-A-012,LOT-A,105.86706008666707,115.07314716485102,33.16571919161347,1.2276851251207226
LOT-A-013,LOT-A,97.89316290677185,109.22649619435714,32.54563630128316,1.1579683157050318
LOT-A-014,LOT-A,110.31367167629155,117.08231358195803,33.74649871661765,1.1868260893577631
LOT-A-015,LOT-A,103.23839047948255,114.6393699064556,32.625547362375244,1.3539386963245967
LOT-A-016,LOT-A,94.89177813040064,101.45388647854799,30.264102312983805,1.276339589524298
LOT-A-017,LOT-A,104.19198853785558,110.59286486740338,31.967738597211962,1.2081545706019834
LOT-A-018,LOT-A,93.8133150952603,97.35864708260773,29.247851423878213,1.2385609365496904
LOT-A-019,LOT-A,108.78447305065916,117.09154858075738,34.635073673359486,1.2938464814683186
LOT-A-020,LOT-A,97.2425323286301,107.43473378328237,29.938577986678236,1.2189032094580234
LOT-A-021,LOT-A,100.787943741553,107.67785680076435,29.982396995544757,1.189176958013576
LOT-A-022,LOT-A,94.60173678408286,99.68364843758769,28.774382507960958,1.2687205682930747
LOT-A-023,LOT-A,111.51329876355229,119.7802801105925,32.19887091303312,1.2682620037418155
LOT-A-024,LOT-A,98.87181450329844,107.49264584567094,31.909734629790332,1.1262057033917154
LOT-A-025,LOT-A,95.68672228490848,105.48106026209747,28.67247148147234,1.3385569428832105
LOT-A-026,LOT-A,97.73546651514515,106.65073409546851,29.669953865571756,1.2988258213979726
LOT-A-027,LOT-A,105.86118081841035,113.06490740345528,32.50764749433126,1.2662205943569036
LOT-A-028,LOT-A,101.62853461780355,110.86237935562494,31.78428325366103,1.2730036318612097
LOT-A-029,LOT-A,104.80159726313335,109.44893760023253,31.923569652502387,1.3388873328595383
LOT-A-030,LOT-A,102.33118568084421,60.709079584756026,32.2302810409245,1.3006631114291192
LOT-A-031,LOT-A,117.15031989030469,129.16175645239477,36.99672123621196,1.3005092040134036
LOT-A-032,LOT-A,97.57985462090922,109.1438804591291,29.827961408273318,1.1297886624760092
LOT-A-033,LOT-A,98.3084397097034,102.65882395890827,29.81594238737701,1.3285730410916317
LOT-A-034,LOT-A,91.08642886242859,98.46570919972605,27.70082128425018,1.2023518225984746
LOT-A-035,LOT-A,105.58729028962945,114.37043789667783,32.74864831145007,1.165234046966458
LOT-A-036,LOT-A,105.56662318681818,117.86302777988928,33.422430459037145,1.2775631463029966
LOT-A-037,LOT-A,100.1413507780929,107.29197682997925,31.325516773316593,1.263752682446904
LOT-A-038,LOT-A,94.07384524270198,99.331701513304,28.772722806067762,1.2618065657994175
LOT-A-039,LOT-A,94.63494298759622,100.08899995197855,29.372220389671416,1.2340496724850774
LOT-A-040,LOT-A,105.02842905160541,115.28015977085357,31.01902181696193,1.1722116603155144
LOT-A-041,LOT-A,103.7227552734633,109.75448379950114,32.300658792460396,1.2949660339836644
LOT-A-042,LOT-A,103.9179080468677,113.08843304204059,33.218396582765514,1.3296611679360615
LOT-A-043,LOT-A,94.57221543960124,104.95716790816448,29.423237252671328,1.1997561065703524
LOT-A-044,LOT-A,100.96569005623566,107.04480080616644,30.865252998218544,1.2285189987155343
LOT-A-045,LOT-A,102.13886400219373,112.44970505330787,30.183635594367374,1.2735696480955951
LOT-A-046,LOT-A,100.1886928650958,110.83886365266508,31.43747839933777,1.1401456504491483
LOT-A-047,LOT-A,108.36387571093825,114.3191432158549,32.73402317861267,1.1858148553226187
LOT-A-048,LOT-A,100.80733947516612,110.78764642280309,31.403121488212086,1.2697197201369488
LOT-A-049,LOT-A,105.97419128546842,116.50713649599751,32.40947671572679,1.1613885309892562
LOT-A-050,LOT-A,102.1414661807691,107.92090681618953,32.05927004799435,1.2730026267909482
LOT-A-051,LOT-A,102.11624889421485,111.19554339277406,33.2778261568522,1.374618831743225
LOT-A-052,LOT-A,105.1543775094075,113.77471145787915,33.426586926052686,1.1992603380339593
LOT-A-053,LOT-A,88.84235900008206,125.5390647006277,27.63738013592399,1.1999978716430357
LOT-A-054,LOT-A,95.05827902917814,101.09207381869034,29.313308093042203,1.22247948290364
LOT-A-055,LOT-A,95.7972313856845,107.81044259176929,30.718270513279705,1.1922745330195024
LOT-A-056,LOT-A,95.4105398927297,101.6659389184769,29.188091865924438,1.261119538964923
LOT-A-057,LOT-A,98.72761866564962,104.94425398163342,31.16872844314531,1.1814837064314558
LOT-A-058,LOT-A,111.96903908341856,126.11164038225684,34.88591824596152,1.3359928703963704
LOT-A-059,LOT-A,93.21063134171386,101.68077335106997,28.807312277566602,1.2397755451301478
LOT-A-060,LOT-A,106.57700324164372,117.22652770158551,32.720100568038255,1.2899351141788058
LOT-A-061,LOT-A,88.16497233374243,94.19306798771392,26.59748397954825,1.2772379347585217
LOT-A-062,LOT-A,96.85791017679418,106.97768759185321,28.70436025826318,1.2298635579128812
LOT-A-063,LOT-A,98.31580652815406,106.41606482205286,32.49471738531154,1.3037110989183012
LOT-A-064,LOT-A,103.61055830094705,110.05995403086239,30.082208311497688,1.217390269524042
LOT-A-065,LOT-A,109.32043515671394,115.01476619233756,32.31618408904669,1.2779048125700183
LOT-A-066,LOT-A,104.00534035210774,114.25987338673211,33.047083121708404,1.244833960890737
LOT-A-067,LOT-A,98.39640860454762,105.6763058282456,30.66982263531027,1.2086976630661543
LOT-A-068,LOT-A,97.64790877129929,107.26315440662613,29.077247938470745,1.1967382606571264
LOT-A-069,LOT-A,108.86748355453759,115.0302236406717,34.25083729917099,1.2234478572864689
LOT-A-070,LOT-A,100.65213376535314,106.61010226663375,30.732148332951752,1.3438830813001943
LOT-A-071,LOT-A,89.25185369713037,95.09582597451043,27.47744655169927,1.2771400370385884
LOT-A-072,LOT-A,88.58506367970138,99.48334027631218,27.758430655177172,1.3188687596440138
LOT-A-073,LOT-A,89.0529912546364,98.48280069873775,27.37058380972872,1.200426232018163
LOT-A-074,LOT-A,104.34878480409353,111.937015577725,32.03025659009492,1.2404489077171963
LOT-A-075,LOT-A,101.44448824949444,107.21348627576347,31.918695538174244,1.289759958223129
LOT-A-076,LOT-A,106.10143973902629,115.07886034464804,32.949538078734996,1.372104398163864
LOT-A-077,LOT-A,96.45133757272896,103.6943706989832,29.337591372799494,1.1880642397653298
LOT-A-078,LOT-A,99.4016098472121,107.59218830444098,31.336634128548592,1.270057707709863
LOT-A-079,LOT-A,105.08143623956693,111.87403044901836,33.27161182825496,1.2943647603380568
LOT-A-080,LOT-A,97.28575522110508,104.02141360748772,30.671562918157647,1.2612784152491663
LOT-A-081,LOT-A,101.48201101133672,111.81057754052725,32.342431238801886,1.1960183128107347
LOT-A-082,LOT-A,94.98935756072296,99.37131489866857,30.42737254616444,1.3248769991035658
LOT-A-083,LOT-A,96.71679322602499,105.59012344135594,28.171688887878723,1.18061914038408
LOT-A-084,LOT-A,96.50542846778518,102.55751855300073,30.62480720898867,1.3698377918448796
LOT-A-085,LOT-A,88.66836075614373,95.99301865394033,28.222676373587127,1.3466669689099773
LOT-A-086,LOT-A,102.06221837747479,112.70551447860132,33.66473083299873,1.150894451109244
LOT-A-087,LOT-A,94.32317746810946,103.0971505677268,29.419411466012917,1.2987560772652187
LOT-A-088,LOT-A,100.46244252955276,104.55802506652297,31.44331373676531,1.215347666758661
LOT-A-089,LOT-A,105.75764409665913,110.89847606007322,31.68295948760486,1.2824678966482719
LOT-A-090,LOT-A,104.71663913174496,112.75422808877113,30.758919462646418,1.282282066395695
LOT-A-091,LOT-A,103.7716187942707,114.21947956470142,31.51116752193326,1.2767793288525837
LOT-A-092,LOT-A,98.00221776746356,104.58381611331755,31.326812107602553,1.264498671300605
LOT-A-093,LOT-A,95.69264830155743,107.24506028198064,29.597698248874707,1.251926460438256
LOT-A-094,LOT-A,99.76562448426671,106.07190278951148,31.179207871672073,1.2179928591701166
LOT-A-095,LOT-A,85.88386704501144,96.14671577020931,25.98294176177414,1.1052331801442306
LOT-A-096,LOT-A,90.83950571313314,100.59560414347852,27.086945656031276,1.133789717562789
LOT-A-097,LOT-A,88.95267713687088,95.99942944957664,27.567765888543274,1.1831967174846891
LOT-A-098,LOT-A,92.89136709290287,100.43280216009538,27.331303371692883,1.2919518039016933
LOT-A-099,LOT-A,106.27722128670634,111.79796998376463,31.72157995261932,1.2414798071355486
LOT-A-100,LOT-A,93.67905270757235,96.71531775067464,28.88592450508889,1.2265721630322315
LOT-A-101,LOT-A,99.74643708711895,104.38433006548976,31.39646695487793,1.1837755581330796
LOT-A-102,LOT-A,111.27471513249272,119.86413302045408,33.526848380217615,1.2606437668782164
LOT-A-103,LOT-A,98.96866648675599,104.2742958814561,28.762895232431855,1.2489462304113532
LOT-A-104,LOT-A,104.54648990554793,113.68745263422788,32.763768394050274,1.1476608670390689
LOT-A-105,LOT-A,90.10757105093997,100.89767691576571,28.26645319663976,1.096115339490766
LOT-A-106,LOT-A,99.53376559197118,106.76975901057217,29.919414997259093,1.1709901873365056
LOT-A-107,LOT-A,93.65353540518686,100.49051069069344,30.550027129969017,1.2752113159234963
LOT-A-108,LOT-A,97.86929010468852,104.73689836400202,30.812618665527236,1.2875051120748893
LOT-A-109,LOT-A,108.60005261250696,114.21761647035734,32.73563820253917,1.2212538097452812
LOT-A-110,LOT-A,87.36763919622969,96.07270042421156,26.349172955963535,1.2245135763324144
LOT-A-111,LOT-A,103.94650498417155,111.2618972802104,32.839013558505634,1.1148933625628572
LOT-A-112,LOT-A,100.66182724828288,108.489202936228,29.73329948387513,1.1921816933378717
LOT-A-113,LOT-A,93.87406618065675,102.46433507374205,30.416880823200163,1.2352963609285579
LOT-A-114,LOT-A,86.88531658448564,95.3921510556567,28.25311541826971,1.1914424710331057
LOT-A-115,LOT-A,99.21117373582878,109.7402968651963,31.001652286545756,1.2888490814425684
LOT-A-116,LOT-A,95.74358813979663,104.82851028986788,28.858795590289258,1.2492749209527039
LOT-A-117,LOT-A,101.5453746692929,107.5785406178964,30.326254645864715,1.2911449421164798
LOT-A-118,LOT-A,99.64838859086058,106.1442419740279,30.977250171359476,1.3176811314409582
LOT-A-119,LOT-A,109.39312436250944,118.84609224120607,34.23410249695966,1.3376707320032197
LOT-A-120,LOT-A,98.50903545459475,107.46660185955552,29.494269308565915,1.1828278474837683
LOT-A-121,LOT-A,92.48374063410915,99.273530325618,28.900717273389077,1.2387397405442928
LOT-A-122,LOT-A,101.85142066933247,109.86517965583279,32.066817485959604,1.2984204969166682
LOT-A-123,LOT-A,99.33016548018647,105.40623423883434,32.34698809437118,1.3212635055957163
LOT-A-124,LOT-A,109.34256607265348,116.02370983698613,34.450013043402045,1.3058502935810317
LOT-A-125,LOT-A,109.37728175096811,116.24795630890488,32.7737025325996,1.1964121627049082
LOT-A-126,LOT-A,102.87214541070206,110.48483654328126,31.07298590210773,1.3729253390517973
LOT-A-127,LOT-A,114.3841757328647,122.91503434724788,33.892310851977214,1.3013011594578368
LOT-A-128,LOT-A,91.44933517966403,98.61417845905866,29.05159983891435,1.2881222685716767
LOT-A-129,LOT-A,95.99200909245853,103.74635932378662,29.686049325182314,1.142983332217149
LOT-A-130,LOT-A,92.71282408487163,98.88199994855802,27.678218899202278,1.3509089971580495
LOT-A-131,LOT-A,99.47501458608242,107.35048450132541,30.237442421658397,1.3310375072571594
LOT-A-132,LOT-A,89.00459059045227,96.51102623890904,26.711041257690763,1.2738194782699304
LOT-A-133,LOT-A,105.17178646715186,110.88239994680752,32.53421665864644,1.2452162261685915
LOT-A-134,LOT-A,100.91856017317677,107.86842255409341,30.458044062468215,1.264927238588065
LOT-A-135,LOT-A,88.29986821113503,94.88640564590594,26.486458631722776,1.2409368873435842
LOT-A-136,LOT-A,90.7562199653609,96.72476566052056,28.890341330243324,1.2734758795959942
LOT-A-137,LOT-A,99.82804951254946,110.46339036697944,32.57407545039643,1.3135534243337792
LOT-A-138,LOT-A,108.24376780748291,115.31923996041039,32.40251762600275,1.1849780703585164
LOT-A-139,LOT-A,116.49075449065982,126.01031497294737,36.98175750067968,1.315998779020525
LOT-A-140,LOT-A,123.11255674326189,130.68735994858162,37.97109363808946,1.2630338716886316
LOT-A-141,LOT-A,103.01215059812385,110.42470928734929,32.23004324650039,1.2197625355153634
LOT-A-142,LOT-A,91.14159591415702,100.07329631153156,28.22435139821761,1.2646462633387012
LOT-A-143,LOT-A,83.35343578842772,87.30026213229834,25.327532324694026,1.3362666163949877
LOT-A-144,LOT-A,100.39857242964926,106.0797181367097,30.174448304018703,1.2517465967946002
LOT-A-145,LOT-A,93.54284715456645,100.74096722566856,29.955257946773195,1.0896299340138238
LOT-A-146,LOT-A,97.27104273020875,107.53418967565467,29.067689382841007,1.2272116092926062
LOT-A-147,LOT-A,93.9738877316786,100.9227915639682,29.220990334313242,1.3356491170210703
LOT-A-148,LOT-A,101.6297529219002,106.11168829128215,32.17488677293894,1.2521345886190776
LOT-A-149,LOT-A,111.15837838635277,117.02347189469826,33.74847723319027,1.27192846835857
LOT-A-150,LOT-A,106.02466905861407,111.05947077241737,30.823668823303287,1.3081398722165514
LOT-A-151,LOT-A,98.18817249806398,105.64989464218331,31.33346669205774,1.251865135266269
LOT-A-152,LOT-A,92.13263384916121,99.07992201931557,28.700845194276333,1.275497953846169
LOT-A-153,LOT-A,83.69708604330702,94.86388469497344,26.061170761268954,1.1634620518664354
LOT-A-154,LOT-A,96.02191986162534,103.96626167223535,29.239151453840318,1.2998619114600785
LOT-A-155,LOT-A,97.55647684389707,106.72143126338459,30.398719966024164,1.2472047637796397
LOT-A-156,LOT-A,114.56173573560991,121.2591285540831,35.96389232764309,1.253780142100082
LOT-A-157,LOT-A,98.20427679181522,105.20838898473168,31.31322537890931,1.2367419609328187
LOT-A-158,LOT-A,107.7067859178225,116.43490446217879,33.617641858945326,1.306858976590898
LOT-A-159,LOT-A,94.33897786031044,101.34214284282014,28.887087829312996,1.2673350000301224
LOT-A-160,LOT-A,92.38787093663348,96.89940698167788,26.059979583958057,1.1477604282433775
LOT-A-161,LOT-A,91.02951081794701,98.54593339932188,28.279799527859936,1.2523148673788551
LOT-A-162,LOT-A,93.7305719874803,103.83272602349791,28.660625515406235,1.1982609224314675
LOT-A-163,LOT-A,117.746071167262,123.31869434838758,36.59035830069521,1.256153191023576
LOT-A-164,LOT-A,93.20774283132766,104.07977130579984,28.46519507928775,1.3736178902314446
LOT-A-165,LOT-A,106.36976645604861,112.69051383034156,33.135388890061996,1.185425287980874
LOT-A-166,LOT-A,91.64894880358354,100.99277578135909,29.205206269264274,1.2126699379847445
LOT-A-167,LOT-A,108.93369182056355,118.36380634727574,34.45934247717876,1.2817648044275434
LOT-A-168,LOT-A,105.12475079697546,107.56437949120655,31.70035315703977,1.1979796846205943
LOT-A-169,LOT-A,98.92573561042637,105.50375012584064,30.47861174024815,1.362930492812243
LOT-A-170,LOT-A,99.41932009628596,108.47539640857028,30.713093471244733,1.25454279727741
LOT-A-171,LOT-A,94.77072345721898,103.2392824434364,30.30837254377285,1.3488436398561998
LOT-A-172,LOT-A,104.03300773472039,113.03315759287638,31.185567452327106,1.2447273954550628
LOT-A-173,LOT-A,97.77056635459914,105.80088000668997,30.040928754990905,1.303183637574077
LOT-A-174,LOT-A,90.93130395335274,99.81137871756962,28.191985031422913,1.228658101065738
LOT-A-175,LOT-A,90.28026129084259,91.09743060617295,28.137023404795382,1.031095230487113
LOT-A-176,LOT-A,98.79550823066883,110.39469681100108,31.81004150576429,1.1802542731916041
LOT-A-177,LOT-A,111.56457698846506,124.38443043261442,34.528922210639735,1.384575218744179
LOT-A-178,LOT-A,101.277053128823,110.19839989503706,32.690278720461016,1.2578616269716052
LOT-A-179,LOT-A,97.54737742008473,106.75550995902204,30.677288362295418,1.168115500867906
LOT-A-180,LOT-A,101.90286100980911,108.9851536581711,32.448335031964255,1.2520767124511154
LOT-A-181,LOT-A,110.02382030993324,119.07149118710181,34.41738193415786,1.2870088519813867
LOT-A-182,LOT-A,100.25549166790678,107.81228954654118,32.42781197570439,1.2252597876677163
LOT-A-183,LOT-A,94.5873190144348,105.33721414436272,30.35159631235848,1.1581570845645976
LOT-A-184,LOT-A,109.19453225367452,119.0295006397742,34.04310516231354,1.2879188890256836
LOT-A-185,LOT-A,101.32364786055679,112.36653593830074,31.821220159808444,1.2210325904765214
LOT-A-186,LOT-A,113.59188135009752,124.22748079219383,36.244170903830344,1.3288884722903542
LOT-A-187,LOT-A,101.30127422532996,110.28858586364996,32.067879701737716,1.2572706769579678
LOT-A-188,LOT-A,90.4003940281033,99.06809382968724,27.915890684512412,1.2062427838175802
LOT-A-189,LOT-A,88.4330168072809,97.44692527398493,27.609359818830715,1.2704125986121002
LOT-A-190,LOT-A,114.21254232115328,121.5143344086828,35.69929980283734,1.2727305562075037
LOT-A-191,LOT-A,111.93710613589916,125.77708140994018,34.87409519253704,1.150694279408889
LOT-A-192,LOT-A,96.99628072935974,104.4068636758817,30.596531005985174,1.2335689696672258
LOT-A-193,LOT-A,96.4292534794512,105.92866547635002,30.321595732536913,1.2689628722386572
LOT-A-194,LOT-A,112.30629702393065,121.85914802097712,32.93801917133871,1.2281337048641323
LOT-A-195,LOT-A,87.87331944691789,98.50724516073987,28.250820330752674,1.3127319364873808
LOT-A-196,LOT-A,94.62363543743507,100.67510865272641,28.38078813107203,1.2791096667527442
LOT-A-197,LOT-A,104.3547379015259,113.55555820322667,33.38435950439745,1.2165337192406347
LOT-A-198,LOT-A,98.05167697598704,105.94541447587775,29.257545841603562,1.308433647693044
LOT-A-199,LOT-A,101.0068745842967,108.15959884628391,30.3774390041121,1.198447638885466
LOT-A-200,LOT-A,97.88596294644935,107.67304228333214,29.830161477738088,1.276250734917192
LOT-A-201,LOT-A,100.83796309707388,110.50850693274509,31.92490308468056,1.396707808703535
LOT-A-202,LOT-A,109.19388140722918,123.10467241473077,34.61042894724784,1.2746703150809577
LOT-A-203,LOT-A,100.90220112529627,109.67210723202156,31.101702485626717,1.3372430108874476
LOT-A-204,LOT-A,104.46680362987777,115.82810031827056,32.08147451115619,1.2463848892159228
LOT-A-205,LOT-A,81.99067936331649,91.196560487787,27.071673954984288,1.2453586292107488
LOT-A-206,LOT-A,99.31492423650319,105.34983908118794,30.69574424037146,1.1544323444167084
LOT-A-207,LOT-A,91.8848408575788,101.16806255688788,29.963999487866797,1.41855265167377
LOT-A-208,LOT-A,89.36961788900463,100.34005547123074,28.172345594470723,1.2409251411952174
LOT-A-209,LOT-A,93.62367274215923,100.53659651709552,28.910498710506474,1.2255000102304
LOT-A-210,LOT-A,95.22984798469523,72.11201595186985,30.693969773686966,1.2333979945948572
LOT-A-211,LOT-A,106.43308698936386,115.93040921940228,33.907384107375414,1.260821836581584
LOT-A-212,LOT-A,88.40477585312203,98.99255283002807,28.973894462391186,1.2796733993193712
LOT-A-213,LOT-A,101.70554720777147,110.74857608964341,31.98004555475777,1.2868459506267573
LOT-A-214,LOT-A,97.0241651039437,104.8560972426909,28.921389665695088,1.292043389411575
LOT-A-215,LOT-A,95.34489428841448,103.57970555446256,31.230222780228807,1.3004132097616519
LOT-A-216,LOT-A,110.25316003696562,116.1204788432572,32.565040333734004,1.2355737681757795
LOT-A-217,LOT-A,104.45797044189227,112.80729480839393,33.24147066677509,1.2283237744997932
LOT-A-218,LOT-A,111.22723656724634,117.5778653494361,34.67700112889305,1.2501865130111383
LOT-A-219,LOT-A,97.63923455857402,106.19341220693116,30.46948531824807,1.2337906922397743
LOT-A-220,LOT-A,97.0894709700359,101.79016383054937,29.078945434914786,1.1241529425433916
LOT-A-221,LOT-A,96.8678184369868,105.53971297323979,29.896147993195047,1.3329024556026678
LOT-A-222,LOT-A,101.69256766707545,112.67206077521988,31.650755749592925,1.2522336701852945
LOT-A-223,LOT-A,101.27939219606094,109.53318632028298,32.81293793140509,1.1108233563949268
LOT-A-224,LOT-A,88.32257680547505,97.54454539379148,28.322339886411307,1.2914062654858407
LOT-A-225,LOT-A,101.4335490500642,108.01333988750369,32.039649613030534,1.3118117241891638
LOT-A-226,LOT-A,102.10191338801859,111.89720791737382,31.784122469490185,1.216311018393027
LOT-A-227,LOT-A,121.18651755877137,129.97220192945045,37.24440749048771,1.3383772143313744
LOT-A-228,LOT-A,111.33844869744324,121.3805691011545,34.70491829487904,1.2282043611458717
LOT-A-229,LOT-A,92.79214094088039,97.61332615562571,28.095830064765465,1.1983494992885857
LOT-A-230,LOT-A,101.38706924572043,109.12049165170941,29.957889729210322,1.2281850025815921
LOT-A-231,LOT-A,86.56865798952154,91.53960027767778,27.277159686317415,1.1901288810053585
LOT-A-232,LOT-A,95.1470680907991,99.69587970126854,28.925467038722346,1.2589176257181698
LOT-A-233,LOT-A,103.07415442539863,111.56177114850458,30.726309221578415,1.3012811438081338
LOT-A-234,LOT-A,108.4465114222031,119.68429111368897,33.98200603850827,1.1674167500553232
LOT-A-235,LOT-A,93.69303274117935,102.43144312602277,29.68224438677553,1.2415407261533349
LOT-A-236,LOT-A,97.0644968153592,104.36319629978736,29.17239353551206,1.2950073087282166
LOT-A-237,LOT-A,85.72237798987304,93.36839198462408,24.692323301590136,1.194408013330571
LOT-A-238,LOT-A,100.9260508157415,104.47800434481672,29.538555610415283,1.2208283521580572
LOT-A-239,LOT-A,92.13102476933537,98.61594606831119,27.84476136226381,1.2095472522965294
LOT-A-240,LOT-A,94.69597898445235,101.66662409023925,31.512296521952987,1.2678506642711334
LOT-A-241,LOT-A,94.3152523562664,99.4457679403942,28.676619928395542,1.2071867611177787
LOT-A-242,LOT-A,95.26833706360074,104.42955297756217,29.317733921469344,1.1150129733229035
LOT-A-243,LOT-A,84.1451344076998,95.46313805744198,26.605284655272072,1.3274338257392704
LOT-A-244,LOT-A,88.88011190222339,96.88984673125216,26.641010195186684,1.2814370572515603
LOT-A-245,LOT-A,118.12704824733791,125.24340046345712,36.72816513432311,1.28397126551449
LOT-A-246,LOT-A,88.87629041811263,94.6311320332504,26.859889332921785,1.2551903325152878
LOT-A-247,LOT-A,91.71623017554685,96.9387209412361,28.301240038493376,1.2842322221683091
LOT-A-248,LOT-A,115.62259429856847,126.97469312494115,36.57713021599529,1.1899225140346075
LOT-A-249,LOT-A,125.76591666823029,132.0378273331257,39.04046482967975,1.2540791975630654
LOT-A-250,LOT-A,90.00924290171181,94.26227060739917,27.957263152340072,1.1564370058816635
LOT-B-001,LOT-B,106.88895151337067,115.10825858125119,34.45901948798995,1.2698173967369955
LOT-B-002,LOT-B,111.8167405532974,122.10252743982257,33.07589191184158,1.2474119846215455
LOT-B-003,LOT-B,96.62098335233362,101.37938206528194,29.077991281879676,1.2828877027785317
LOT-B-004,LOT-B,103.7591738051257,106.61409382958679,30.40302625601497,1.2626174774651688
LOT-B-005,LOT-B,93.12455298108993,104.35666777429093,28.948889513512043,1.133928155857213
LOT-B-006,LOT-B,93.07010128363969,97.07053989235699,29.25405743943443,1.238696952364137
LOT-B-007,LOT-B,105.55926356625012,116.8493923194563,33.87956273479948,1.2397766945986333
LOT-B-008,LOT-B,96.48965340403743,108.90159257865746,31.3487132934352,1.2685634942094166
LOT-B-009,LOT-B,115.38940395941027,120.70090288936188,36.921331452937025,1.1924343348114879
LOT-B-010,LOT-B,97.26597456117791,100.45881599518006,29.059851703000714,1.3409821188035203
LOT-B-011,LOT-B,107.60334092529463,118.31411112284519,33.66791841551213,1.2437025106399897
LOT-B-012,LOT-B,102.82508279106129,108.36833423865144,29.81699477808452,1.2018055944828978
LOT-B-013,LOT-B,107.1930116710064,115.6665402169152,31.719882863977343,1.206539448835508
LOT-B-014,LOT-B,95.55015671755706,103.40561865244082,28.790318138940496,1.2122977335128313
LOT-B-015,LOT-B,98.51061357169804,109.11487816307816,31.524391131664267,1.241251372514671
LOT-B-016,LOT-B,98.48794927180242,155.9611404373976,30.060302693374183,1.1811900750699535
LOT-B-017,LOT-B,91.90121126784513,99.5068401997895,27.995799315348634,1.2597235735437724
LOT-B-018,LOT-B,106.39122578732957,110.54618785718986,32.662065174735574,1.23680385228402
LOT-B-019,LOT-B,105.71425507293212,113.5922738719899,31.44973810988904,1.17425664206857
LOT-B-020,LOT-B,104.792572922622,115.18587440347513,30.700665746531406,1.2707435947880947
LOT-B-021,LOT-B,114.08015823927262,120.97333149743602,35.25183681853691,1.2078158551461318
LOT-B-022,LOT-B,111.41570911097511,117.28051204606537,32.718900460330936,1.3065659480735166
LOT-B-023,LOT-B,95.52295008962025,103.84942218969661,28.96098336655799,1.1654018178149674
LOT-B-024,LOT-B,102.7236619973315,109.76401764300002,32.22754654811252,1.2771523051387754
LOT-B-025,LOT-B,95.4924689554212,103.08929162666594,30.71568485458514,1.1859443738573068
LOT-B-026,LOT-B,100.10444022961207,110.46716957226894,32.06955303143452,1.1646941810393256
LOT-B-027,LOT-B,94.73347124456528,105.53440695134755,29.91908465034447,1.2617157818887863
LOT-B-028,LOT-B,112.63403543293641,121.22980561952,35.24834961712966,1.234857552500931
LOT-B-029,LOT-B,102.84571727117704,111.29954943119328,31.359514190055748,1.2819277624328862
LOT-B-030,LOT-B,102.62713394778775,102.56225505452565,30.718497781653014,1.2043885946828656
LOT-B-031,LOT-B,110.41505244112989,118.40597940749481,34.569657877437784,1.3205303945905267
LOT-B-032,LOT-B,82.92370839828898,91.50998743619601,23.74143546867644,1.3454271378749614
LOT-B-033,LOT-B,84.4497724689162,92.75384029185427,25.029124968860867,1.20015380710368
LOT-B-034,LOT-B,106.58561668297534,114.84197020242392,33.20013473535303,1.315070909655798
LOT-B-035,LOT-B,97.83591711198467,110.47008553516868,31.156587279297412,1.237773088332527
LOT-B-036,LOT-B,99.79689755050875,111.1699533710067,29.689820543821856,1.2889036406743228
LOT-B-037,LOT-B,87.15067242024212,96.64685349256268,27.61520259390766,1.320172288837633
LOT-B-038,LOT-B,99.54614755967623,106.41098361596151,30.53709824031413,1.3263729661252799
LOT-B-039,LOT-B,116.83252073698208,124.53906134282128,35.77954620182371,1.1559693745648731
LOT-B-040,LOT-B,107.17630825964422,111.60145329964533,33.6454522297621,1.257717295549476
LOT-B-041,LOT-B,104.93808006050338,107.2659934425853,31.338742559121666,1.3578972620553837
LOT-B-042,LOT-B,98.2746531795976,102.81415011353354,30.09032024563851,1.2501199613849052
LOT-B-043,LOT-B,97.26635098613608,103.19352968787878,29.95000300520331,1.154116857483397
LOT-B-044,LOT-B,83.16910206420198,90.50377158415552,25.53765370466885,1.1530969465649128
LOT-B-045,LOT-B,103.54392116164648,110.95506331274446,31.0581361657237,1.2331639731897162
LOT-B-046,LOT-B,104.51286076368207,113.25415380172743,32.66654903194929,1.323705248736809
LOT-B-047,LOT-B,86.43579029630386,95.6670763319034,26.661811106327608,1.2648768536511126
LOT-B-048,LOT-B,94.49657160832977,104.0314712506546,28.93183703650425,1.1556483049998536
LOT-B-049,LOT-B,88.66735939508717,96.93575058961773,27.13023973551867,1.2746127209407732
LOT-B-050,LOT-B,91.57853819424278,104.40857877690516,27.215757360764563,1.2622179907225881
LOT-B-051,LOT-B,98.7359234793167,107.47527857497587,31.245770013190747,1.1104777175075429
LOT-B-052,LOT-B,83.68002193527424,93.79658030544792,25.46793201693371,1.2655884714083305
LOT-B-053,LOT-B,106.4515460465446,112.97938958735104,32.058622536300334,1.113455815776695
LOT-B-054,LOT-B,106.99232663856192,114.28697098476921,32.059413492325,1.2575958026166616
LOT-B-055,LOT-B,97.11565876049542,104.77362137713003,30.862298506555423,1.1696970553205692
LOT-B-056,LOT-B,81.7253048492343,83.77130614749676,24.317681768554127,1.3653767716439946
LOT-B-057,LOT-B,93.71968313444451,99.58615105633025,27.776457635113097,1.2182436615980063
LOT-B-058,LOT-B,109.97312844470011,118.7273191753265,33.98490005287392,1.2481500491549489
LOT-B-059,LOT-B,77.45448308961375,81.11417194322512,23.697365590064475,1.3048774432392107
LOT-B-060,LOT-B,95.16731125612517,104.61828669556945,29.482338794743395,1.2566810257638867
LOT-B-061,LOT-B,89.9770440006617,100.75958060399223,28.478864592753403,1.1712918100533674
LOT-B-062,LOT-B,107.44340443009925,113.40218369316888,32.533737250828366,1.2688291412064272
LOT-B-063,LOT-B,93.86146725325712,103.95272708612642,28.706109349473504,1.2128632068445182
LOT-B-064,LOT-B,102.24707582556273,110.35888524244561,32.88115921586257,1.2877277776166183
LOT-B-065,LOT-B,107.08859928437084,117.42086642941946,31.577768213993476,1.2542251476396373
LOT-B-066,LOT-B,112.925506242875,122.30977939977083,35.04977407432592,1.1865707075517036
LOT-B-067,LOT-B,96.79863354124942,105.9580128496043,29.523329244975958,1.300527617548258
LOT-B-068,LOT-B,101.63172465085462,116.86816129373216,31.571482475892562,1.254321058515023
LOT-B-069,LOT-B,86.17654439028146,98.58130417659424,28.21266295640629,1.2678149522441668
LOT-B-070,LOT-B,107.5031046831806,118.70650694230719,33.055080800154684,1.3377413158084017
LOT-B-071,LOT-B,95.12972131320885,101.62008162963889,27.16483752618516,1.1909950412804582
LOT-B-072,LOT-B,96.54560838469784,105.5808514057282,30.496665522256095,1.1544792198655127
LOT-B-073,LOT-B,100.27434610142568,109.83880948546869,29.61815701630816,1.2495257290776058
LOT-B-074,LOT-B,87.9076888347439,56.38572028693259,25.64231733923621,1.2304581133955763
LOT-B-075,LOT-B,101.33920208604897,109.68042824085053,31.116572531403712,1.223419270805512
LOT-B-076,LOT-B,107.68017075987962,117.24381780801153,33.15577494656869,1.22542106429792
LOT-B-077,LOT-B,102.48200164536001,106.68911638322625,32.108103984054445,1.2499662141726224
LOT-B-078,LOT-B,87.34835977646655,96.19339366068476,25.497281616798166,1.131569967808462
LOT-B-079,LOT-B,99.420231413348,106.91605398673472,30.82909450461599,1.2222723754896532
LOT-B-080,LOT-B,106.93276173519583,116.27640740772505,33.22741751455036,1.234350292495725
LOT-B-081,LOT-B,81.81455579085113,93.31264947812882,27.319970793378623,1.2886735047190387
LOT-B-082,LOT-B,90.08240824840703,100.06161042795047,29.023004052101225,1.343528974867945
LOT-B-083,LOT-B,105.69818394631022,115.12042757017608,33.77164577903693,1.2534446042862895
LOT-B-084,LOT-B,100.48477207050139,111.16285712151797,32.132765983861404,1.2552777737798602
LOT-B-085,LOT-B,103.62515004778395,111.04202266620369,33.20431267224719,1.1959584689772393
LOT-B-086,LOT-B,113.99497731684083,124.08800616492047,36.31471034506652,1.1601576097943278
LOT-B-087,LOT-B,101.78297710340146,107.97283899082416,32.188167070898004,1.1829016509676074
LOT-B-088,LOT-B,104.68627891843856,115.00690878992609,32.11832808924801,1.263876921364602
LOT-B-089,LOT-B,121.23695735611902,132.76506998535922,38.10275136137985,1.2084839782295234
LOT-B-090,LOT-B,98.0365859051754,108.24021541353916,30.784466192138858,1.1661822765349321
LOT-B-091,LOT-B,94.60036498280911,98.93707167746372,30.151261202194934,1.3114459303904615
LOT-B-092,LOT-B,103.85719939985465,112.01062656772761,31.89370926283095,1.2907114370840016
LOT-B-093,LOT-B,102.95576098091806,112.26402223519985,32.786245246100016,1.2162916073884646
LOT-B-094,LOT-B,94.86198775444429,101.06044805213585,28.842167631072467,1.1402962813135098
LOT-B-095,LOT-B,92.83556702708451,102.69791883521165,29.579918546280222,1.152434930682409
LOT-B-096,LOT-B,119.56603738405492,130.8012685067054,36.362966182192466,1.2560868458390029
LOT-B-097,LOT-B,99.60290818689717,111.35739992010579,30.95972402301452,1.2619781010746909
LOT-B-098,LOT-B,91.79991256550008,102.75877075364127,30.003542394464205,1.20300920829709
LOT-B-099,LOT-B,105.62205854612114,111.60159172659577,33.05837632239326,1.2151043639431036
LOT-B-100,LOT-B,96.80030966898724,107.96302340313441,30.36934371863617,1.185455842481286
LOT-B-101,LOT-B,97.14508982099669,107.95771338167319,30.855203568135956,1.2421984363100906
LOT-B-102,LOT-B,105.42684050301322,110.53621370056774,32.420332802929565,1.2588393398291882
LOT-B-103,LOT-B,88.96018709139838,97.70905387439305,27.171785211069846,1.280589242466567
LOT-B-104,LOT-B,103.64880578863432,105.21237928045025,32.826760028522685,1.0671420460788348
LOT-B-105,LOT-B,114.37956492351984,126.57862560731786,35.490298542972795,1.1620288410518276
LOT-B-106,LOT-B,102.08881570500348,114.08158649402601,30.61891697781042,1.317739466057721
LOT-B-107,LOT-B,96.90765002116885,102.36473676242602,29.600501924774857,1.1889665395339015
LOT-B-108,LOT-B,97.24249555786186,105.08346599662568,28.367049997437125,1.2257844728888398
LOT-B-109,LOT-B,95.4225017197227,107.041682567217,28.90227757160299,1.3462537462811008
LOT-B-110,LOT-B,97.91835646634235,103.48189364890699,29.82835321123408,1.201902869553893
LOT-B-111,LOT-B,95.06562013491056,104.92540527642929,29.08070735820601,1.1191780274757086
LOT-B-112,LOT-B,106.76097682232428,112.3112184580485,32.67072367941091,1.1954538266837986
LOT-B-113,LOT-B,84.82750306628941,97.0269995514547,26.746770677777377,1.26472226053972
LOT-B-114,LOT-B,104.23140295878362,114.139754168287,33.3100022289753,1.1885282652252196
LOT-B-115,LOT-B,98.32460206413649,102.31411525096621,29.829284508954306,1.2148369016014664
LOT-B-116,LOT-B,103.26206327463585,109.97584872469717,31.71811560686777,1.2358321944933208
LOT-B-117,LOT-B,89.88251508230614,99.23301219285877,28.395780682571797,1.2446831632848099
LOT-B-118,LOT-B,109.98336103460255,121.07246047861912,34.106337650735256,1.2315981627304438
LOT-B-119,LOT-B,110.12211472620717,122.1554594218267,33.01688973480928,1.2961914135833212
LOT-B-120,LOT-B,104.83696746414343,116.72540845893788,34.639850765947166,1.2793201114680384
LOT-B-121,LOT-B,88.13789941146138,93.79161979953767,27.268245916422863,1.2348762310757986
LOT-B-122,LOT-B,105.45400365663139,114.58385482306097,33.21492518474496,1.2039669758881615
LOT-B-123,LOT-B,102.02941797005865,108.77746108198819,32.316620638207674,1.2827193957180236
LOT-B-124,LOT-B,87.50532068929424,96.06079741023196,27.089221416775818,1.2735206562419454
LOT-B-125,LOT-B,100.26137706828982,107.60699056538374,30.51508502574466,1.3828491569475148
LOT-B-126,LOT-B,102.23834944248584,109.81782256300652,32.25125339156258,1.2651112649177003
LOT-B-127,LOT-B,102.34141486916971,115.0498468749595,32.30371101880075,1.1833441342870568
LOT-B-128,LOT-B,103.20126710712165,110.78288935363042,30.427974596474826,1.3566309704154635
LOT-B-129,LOT-B,103.31804738732832,110.49584721031127,32.994428958278924,1.2595578670297785
LOT-B-130,LOT-B,111.74676652536871,119.41140219702278,35.12003660423334,1.2785961780394388
LOT-B-131,LOT-B,109.83029148912,117.01296027389307,34.144507979911346,1.2458120728542716
LOT-B-132,LOT-B,75.06334889163675,80.28502049666872,24.341826417666613,1.0938867010968987
LOT-B-133,LOT-B,97.76860735174043,104.30116477069478,31.259349669506474,1.2203919074507674
LOT-B-134,LOT-B,99.67201810102623,105.78358743954468,30.682663974479915,1.2942101918552031
LOT-B-135,LOT-B,85.28937784369735,46.85411279060225,25.859837237951922,1.2676755705535028
LOT-B-136,LOT-B,102.13742405004028,110.13381660670785,32.766729885804466,1.2041936409613603
LOT-B-137,LOT-B,107.92133830226118,116.80059693663654,34.6252733288168,1.2798753760561628
LOT-B-138,LOT-B,91.46084211274639,96.36613959492304,28.918805542878584,1.1765177133409677
LOT-B-139,LOT-B,104.42963188308433,116.62138095656023,32.127435245208126,1.2849864881394646
LOT-B-140,LOT-B,91.93412252828516,96.46685851398516,28.246582285880653,1.184426285534075
LOT-B-141,LOT-B,92.45419694594005,105.63939999939889,29.551948195695015,1.2727812548368391
LOT-B-142,LOT-B,111.35561552556591,120.41893883434224,35.43557675853316,1.2480597728782872
LOT-B-143,LOT-B,96.4555783461425,102.92029183854382,29.38073429353704,1.1655851500638883
LOT-B-144,LOT-B,100.7310763185343,111.470392102919,32.19148432634094,1.1728321977974725
LOT-B-145,LOT-B,84.97854277396016,91.94018060321409,24.634572667321248,1.19509252043123
LOT-B-146,LOT-B,115.50943633176225,124.86454118924327,34.695607619139494,1.259506883029984
LOT-B-147,LOT-B,106.35483040849269,114.76106305406995,32.41834943722896,1.2219214212005425
LOT-B-148,LOT-B,97.59598453229614,107.35884092532106,30.70348356874166,1.287764240366132
LOT-B-149,LOT-B,104.80218279968088,114.61024974709397,32.503029371165894,1.2970813229679012
LOT-B-150,LOT-B,90.02767872396748,94.2101068734413,26.057132578712835,1.3426095713608732
LOT-B-151,LOT-B,109.84523403008966,114.78809381775073,33.361620641771616,1.2963124575421896
LOT-B-152,LOT-B,96.98860654932922,104.1766487010726,31.317223245019225,1.1871627712169714
LOT-B-153,LOT-B,97.17021384298027,106.65961234007806,30.80627154832299,1.279780582060444
LOT-B-154,LOT-B,97.43361214712955,104.14925272806126,30.172201226036325,1.234447444441095
LOT-B-155,LOT-B,95.4488362328904,103.19824024038543,29.73206302984618,1.2963523884549657
LOT-B-156,LOT-B,106.39008341594452,114.09038809026983,32.07548232888563,1.2540602754837626
LOT-B-157,LOT-B,102.00522812349017,110.5973983445269,33.3998692339708,1.2185736332875259
LOT-B-158,LOT-B,105.84741865991236,115.76802807621087,32.69473692195904,1.39027070715033
LOT-B-159,LOT-B,99.36258354651822,108.57219232748477,30.3391445741614,1.2289085158914024
LOT-B-160,LOT-B,104.47899935421243,114.12665449232232,32.52801139869026,1.325546890960084
LOT-B-161,LOT-B,96.5067620827107,103.71680979280967,32.12444320088942,1.2736542589665218
LOT-B-162,LOT-B,116.75863241230857,125.87635558528237,35.77559103507061,1.3061941613514072
LOT-B-163,LOT-B,86.90999072921615,94.70780615335346,27.060725627701746,1.293889544476456
LOT-B-164,LOT-B,108.81738244917784,116.74335390329817,34.30656240818148,1.2860575570819939
LOT-B-165,LOT-B,111.44205807541422,118.19981291603453,34.93439835146112,1.205368344374262
LOT-B-166,LOT-B,92.40042158509567,98.74944086701326,29.927572840126953,1.288005292461641
LOT-B-167,LOT-B,118.7416789479661,129.7553468374885,38.778717952769796,1.1474464337653907
LOT-B-168,LOT-B,106.85635739224689,115.36868587629851,32.788160203798235,1.1853450051437773
LOT-B-169,LOT-B,107.31963245850024,113.95743358837116,33.676458630950755,1.2531018992857168
LOT-B-170,LOT-B,100.9457204933525,109.25756859918009,31.551900506565516,1.227595463790567
LOT-B-171,LOT-B,101.44390583820109,106.59202822595485,28.971291325517846,1.1898574552540269
LOT-B-172,LOT-B,95.71397490014141,106.22537699268041,30.383221929699104,1.2218944581260325
LOT-B-173,LOT-B,106.1406339391569,112.47215010035445,32.54939456802946,1.1941355907234739
LOT-B-174,LOT-B,109.71077286327466,120.1798604144868,34.61334767380585,1.1386213059731325
LOT-B-175,LOT-B,101.18005320861705,109.59469900806968,31.27753992767942,1.2011965752591993
LOT-B-176,LOT-B,91.89914824201998,99.77140870894823,28.81225983350756,1.286287494953034
LOT-B-177,LOT-B,108.21670080650614,114.53435437195172,32.67965415782246,1.2762593404120584
LOT-B-178,LOT-B,108.28547334577462,115.09034158233324,33.91676863263202,1.3087751204693583
LOT-B-179,LOT-B,107.17480592607029,117.21290013922851,31.930422719622953,1.2508338925599507
LOT-B-180,LOT-B,105.98090779712786,114.24496341531085,32.32942695249385,1.1608662798061358
LOT-B-181,LOT-B,97.97159412778105,104.12246963634072,30.396893021806736,1.2023573874980689
LOT-B-182,LOT-B,90.91859914418886,100.44213031674559,28.81684408696136,1.284756918279256
LOT-B-183,LOT-B,96.3332482045002,101.05338782168536,29.23494570566217,1.1853463202679604
LOT-B-184,LOT-B,84.98593285153257,97.03525642687077,26.205267319877866,1.1873633557118815
LOT-B-185,LOT-B,101.83694051054277,109.86685117700223,30.865627351479322,1.231701606877214
LOT-B-186,LOT-B,101.1764733106624,105.66701529525864,29.678109030105112,1.3065556172539876
LOT-B-187,LOT-B,97.21854373166939,102.95746899156599,28.643096879864785,1.2053225986136862
LOT-B-188,LOT-B,76.27299274996554,84.79479753742625,22.840799735728503,1.2449288071093116
LOT-B-189,LOT-B,91.034177232289,92.46064238159855,28.73368160950958,1.1790529656676139
LOT-B-190,LOT-B,109.46471845141075,118.17742952734487,34.64735392865093,1.2830554628536124
LOT-B-191,LOT-B,91.11705626189999,100.68807286514259,29.46229162332606,1.2383012068328128
LOT-B-192,LOT-B,103.60114951588989,112.69424520629454,32.381028749732714,1.2371435034467322
LOT-B-193,LOT-B,86.10501104351722,95.07351538730416,27.88419465217253,1.1845731648469713
LOT-B-194,LOT-B,112.45655595405621,122.24720196211837,34.66948317728756,1.0661732080212563
LOT-B-195,LOT-B,96.93064617549487,110.52797933423976,30.205581168641697,1.1309514066122603
LOT-B-196,LOT-B,104.1731942543337,110.5326602087051,32.60325257444535,1.266617520513162
LOT-B-197,LOT-B,119.29407703937173,128.8207558972868,37.325924533403374,1.386645826913366
LOT-B-198,LOT-B,113.588030308654,117.94136383340138,35.11810066168484,1.318488846086193
LOT-B-199,LOT-B,99.35152623950775,104.49806306596162,31.171672815358598,1.3056645439730723
LOT-B-200,LOT-B,99.11301467649172,101.37457413022307,29.122893480401167,1.2316328570924027
LOT-B-201,LOT-B,96.66030668278559,103.40724960094406,27.982507966892566,1.223918031576612
LOT-B-202,LOT-B,104.63322307736213,111.41907717582545,33.812852603045094,1.2508025487629517
LOT-B-203,LOT-B,101.09475050876924,107.61370430553241,31.400169994972448,1.2667544932360137
LOT-B-204,LOT-B,98.89122378782757,104.6969692874348,30.416691086862418,1.2719799760190027
LOT-B-205,LOT-B,111.30502181848136,121.48641064397549,36.42611849871657,1.2337761834742735
LOT-B-206,LOT-B,99.71551820505718,109.5287844367784,31.628962093146388,1.250702985063162
LOT-B-207,LOT-B,114.8216296898625,177.2647524078804,34.92740154383411,1.338196233856474
LOT-B-208,LOT-B,100.98015131680727,110.78336379056276,30.503352647560547,1.1568495516019968
LOT-B-209,LOT-B,114.67367873000957,123.35794404618937,35.034356956751594,1.2550796768439658
LOT-B-210,LOT-B,107.0097092197334,112.75629090695793,32.725751053013006,1.3006362134932012
LOT-B-211,LOT-B,109.92287780177388,115.93983600707375,31.7443331755184,1.2386848320196393
LOT-B-212,LOT-B,95.42071515285295,99.79975972465672,29.061871831844577,1.2084938154198612
LOT-B-213,LOT-B,95.4229700970654,102.1224343476579,29.403909624498386,1.2872960787872583
LOT-B-214,LOT-B,103.6217737612917,112.3669720163845,31.191923104011316,1.118813481274966
LOT-B-215,LOT-B,108.13354763524005,117.18908052744462,34.41902369605428,1.344280148964942
LOT-B-216,LOT-B,102.67704974350212,106.35176899069626,30.818024097001334,1.2788200577528828
LOT-B-217,LOT-B,93.50671033594368,99.84575999230469,28.705262258591134,1.2267327226670426
LOT-B-218,LOT-B,87.7931336229527,97.82518348202669,26.746030240214978,1.235693818941182
LOT-B-219,LOT-B,88.41074185900719,98.8553656633565,27.17694388021038,1.103645021685643
LOT-B-220,LOT-B,86.61569006797865,91.32970123799589,26.650401979460533,1.2447977179494725
LOT-B-221,LOT-B,100.46532688185006,110.52663466919226,30.045231788746612,1.2189791465027384
LOT-B-222,LOT-B,110.02640824334027,116.49220993286862,32.503063558419925,1.290113320595404
LOT-B-223,LOT-B,101.57731565026384,107.79409718568365,29.39805236965085,1.292358184801929
LOT-B-224,LOT-B,79.42685011916765,89.08761505029729,24.6842003420084,1.180409642853982
LOT-B-225,LOT-B,97.81105129170408,105.98523450985499,30.011547458061163,1.285322196692909
LOT-B-226,LOT-B,98.0285039592509,108.55379841243794,30.82119702086592,1.2081465676042216
LOT-B-227,LOT-B,115.46908017605509,122.81443660385293,36.43066344285255,1.2287247471649185
LOT-B-228,LOT-B,84.78460340454828,94.33889868683625,26.66547075255554,1.3445406555302397
LOT-B-229,LOT-B,94.32041126136647,101.74184391407485,30.919095260038556,1.3314057894478377
LOT-B-230,LOT-B,112.52934703626806,175.19817144339575,35.723502964993166,1.1103740121832815
LOT-B-231,LOT-B,100.80803620401404,111.32634606753275,33.35585873944274,1.2238561947099957
LOT-B-232,LOT-B,104.65790977573413,115.13460350030992,34.08252420894325,1.2153890916111012
LOT-B-233,LOT-B,100.8914204105909,112.63411997857202,30.066409983666077,1.3116548642332293
LOT-B-234,LOT-B,101.11207501071623,111.05565690820508,31.624164737949798,1.1925193039579263
LOT-B-235,LOT-B,104.74622335074088,115.27137507011406,33.72490309762091,1.2422158278086899
LOT-B-236,LOT-B,93.62927918695769,102.14838633734861,28.215178910735574,1.2943815505047753
LOT-B-237,LOT-B,108.2534832768552,120.79367871926767,32.87670192324467,1.2225150918999124
LOT-B-238,LOT-B,90.1694246722763,97.77546227193324,27.166882795422495,1.225810239384197
LOT-B-239,LOT-B,103.43864003997936,71.4333792780125,31.485925382210205,1.255375566042106
LOT-B-240,LOT-B,102.923835733524,108.33512469043478,29.969370019325552,1.1350041519489074
LOT-B-241,LOT-B,93.18053569440393,100.04889228162033,29.34790453438764,1.1786671907841437
LOT-B-242,LOT-B,98.76438535766303,106.25582745122233,30.591334228514004,1.3293502598913873
LOT-B-243,LOT-B,96.01260016282134,102.65351191152163,29.087279396924757,1.2240060406026188
LOT-B-244,LOT-B,91.91800909003398,99.90883868261912,27.616086704502393,1.252188845336854
LOT-B-245,LOT-B,94.12365271409631,105.36819620079932,30.73275483436511,1.2331958823871474
LOT-B-246,LOT-B,93.89288141123686,96.69906129551676,28.43606051652089,1.2478505152000428
LOT-B-247,LOT-B,102.43193321158088,110.56032575375617,31.886221734958834,1.300877524607822
LOT-B-248,LOT-B,92.86592040119321,98.05876084151527,28.800040832239443,1.207893983223993
LOT-B-249,LOT-B,106.84474936301777,112.62749843098871,33.63823096588831,1.3826384526435944
LOT-B-250,LOT-B,90.36504162461236,93.40693387148019,27.63147356494067,1.3239125080573582
LOT-C-001,LOT-C,105.01185835222411,111.99130849730402,31.07637297572807,1.2568325116485208
LOT-C-002,LOT-C,103.6098232482544,107.75543691448395,32.12831323005485,1.2698925017080216
LOT-C-003,LOT-C,109.19456924248722,118.45884559488783,32.94592532922771,1.1529824359901033
LOT-C-004,LOT-C,103.07534822546306,113.96393235016039,31.76784140651531,1.2083574005685416
LOT-C-005,LOT-C,107.00977598672213,122.02644072867972,34.68052937801907,1.2961937588764858
LOT-C-006,LOT-C,108.8069774933451,117.09723728931677,33.0847076339409,1.2401741537526678
LOT-C-007,LOT-C,111.53225707500748,126.41697342047732,35.21854674782721,1.2221719735189138
LOT-C-008,LOT-C,103.56861383249945,74.82945162276809,33.093419662958894,1.2103358542515716
LOT-C-009,LOT-C,107.99370336088535,117.95339648839406,33.552858151069,1.2556681995091783
LOT-C-010,LOT-C,97.55918654259774,105.2335398947646,29.77696606760525,1.2230309942138178
LOT-C-011,LOT-C,97.40769906800435,102.58630532275988,28.879740171827446,1.2190221441883096
LOT-C-012,LOT-C,115.30469714439762,124.0976856795489,35.68104709082486,1.2345487280654126
LOT-C-013,LOT-C,102.58968111584092,108.58088615352673,31.328496372203645,1.3081882692435047
LOT-C-014,LOT-C,107.75046104527763,112.99034839714936,32.311682641011835,1.2565221291688047
LOT-C-015,LOT-C,103.5791186772954,105.23798339557644,31.529541587396654,1.1674374001056111
LOT-C-016,LOT-C,94.35637830235197,102.20364793992303,29.20903451096898,1.2179722436204474
LOT-C-017,LOT-C,100.09867373122377,107.02438105865079,29.85727166572103,1.2967921767513666
LOT-C-018,LOT-C,112.61726039286503,122.09333693355839,33.328677567052665,1.2679350891550492
LOT-C-019,LOT-C,105.45588887794578,110.73487010489507,32.384333982758676,1.243024001281378
LOT-C-020,LOT-C,89.07144071000872,97.06186397395398,25.4240614492043,1.3996356203436793
LOT-C-021,LOT-C,96.90520576566078,108.10163448383688,31.24259213238212,1.1902585863894917
LOT-C-022,LOT-C,114.99825203239634,123.18395088043658,35.8635526096136,1.2638403381428376
LOT-C-023,LOT-C,100.08413433325573,106.30359419990852,30.335484527071063,1.3157638539834309
LOT-C-024,LOT-C,86.46676441341445,93.90749089205846,26.003143506692354,1.1872842331160915
LOT-C-025,LOT-C,114.2928078685013,123.11429959868963,36.32372065077025,1.308559043017643
LOT-C-026,LOT-C,105.22644464420374,116.75770932243125,33.78710893934783,1.2646039349840323
LOT-C-027,LOT-C,98.20705947218303,110.5458421987285,30.777554229321527,1.2575699117858585
LOT-C-028,LOT-C,96.5192505729336,103.01137010765653,28.903972470264236,1.2879720994134374
LOT-C-029,LOT-C,107.48371385748897,123.47058313139426,32.815373919793515,1.1745570515011179
LOT-C-030,LOT-C,96.42934087161062,106.3758903799803,29.707552892993622,1.2843345452112365
LOT-C-031,LOT-C,106.42073026993984,116.56591241643461,32.9887833494896,1.1362972490031271
LOT-C-032,LOT-C,104.51303263682988,108.19891202543673,31.286887535726194,1.217768372359195
LOT-C-033,LOT-C,100.7105266499722,110.90686884062485,31.851275328730615,1.3036279247561273
LOT-C-034,LOT-C,102.29269404175379,111.53887349682232,31.359341997225034,1.2682080140490002
LOT-C-035,LOT-C,99.36752625916536,106.77158955757156,30.248323821015177,1.2300534479396137
LOT-C-036,LOT-C,107.13878336417918,117.87756429842771,33.517975358850855,1.210209574961794
LOT-C-037,LOT-C,92.08389011419844,98.10264047507458,29.637022849377207,1.2547170601719073
LOT-C-038,LOT-C,85.73039895599842,95.60366240339104,26.529266637625582,1.165609962379266
LOT-C-039,LOT-C,106.4473544169685,112.23456868265876,32.1966922326063,1.2524708012209507
LOT-C-040,LOT-C,106.76379045872235,113.49397373623279,31.606177352690345,1.2826326202467309
LOT-C-041,LOT-C,103.11444463370154,115.9251315007606,32.19010228063087,1.11589787012608
LOT-C-042,LOT-C,103.79787441517782,115.4119686980203,33.27190258748905,1.359857257325394
LOT-C-043,LOT-C,95.90603669522743,107.05483592311715,29.627464229933516,1.2634573639650155
LOT-C-044,LOT-C,104.3904329919746,113.51493903612551,32.411959748985204,1.303913316808557
LOT-C-045,LOT-C,100.83661366846816,108.16001724350241,29.806678711204427,1.2313016339630167
LOT-C-046,LOT-C,94.98391678906448,105.53069034794585,30.734506251432105,1.313383135161853
LOT-C-047,LOT-C,96.37204037283128,99.82619281753439,28.812940027102567,1.3352976186849326
LOT-C-048,LOT-C,115.56323518122691,123.95687776089297,37.325314687713046,1.3259095967292995
LOT-C-049,LOT-C,86.15686442651621,92.42300046899952,26.591578346276826,1.263629767903248
LOT-C-050,LOT-C,106.3983757563458,113.16310406959016,32.82029772508489,1.3201562065442103
LOT-C-051,LOT-C,84.81260257747363,95.00220969027917,26.60015113576389,1.0990342882536341
LOT-C-052,LOT-C,95.9418789804375,105.02862873385214,31.15655990383309,1.2568279739204178
LOT-C-053,LOT-C,96.80753017952999,108.15534549364119,28.909332144929763,1.2483539987489767
LOT-C-054,LOT-C,83.7764269107817,88.51280928360919,25.851791220300257,1.1540030399549392
LOT-C-055,LOT-C,105.22716004938265,109.99805567628685,33.589933356098534,1.2480515405649526
LOT-C-056,LOT-C,98.50177585056122,104.60986540467714,30.032910539954933,1.2149582400066796
LOT-C-057,LOT-C,83.38503515355947,90.49885458909895,25.166561463315972,1.242497335048407
LOT-C-058,LOT-C,105.80139642710834,119.85319644351922,33.01034424919085,1.3427139291017935
LOT-C-059,LOT-C,111.18661592769995,120.91702866089423,33.501724064096344,1.223175644487928
LOT-C-060,LOT-C,112.23679674455644,124.04668197936212,34.87309459103651,1.33302322167158
LOT-C-061,LOT-C,103.83274519051615,114.3561863261581,31.842978198971604,1.3934133626391083
LOT-C-062,LOT-C,99.64037080424575,106.86501864891095,30.14618190392002,1.3898614802934843
LOT-C-063,LOT-C,111.85442432609322,67.80364330255046,35.29304657732037,1.291261531107067
LOT-C-064,LOT-C,116.40825988978416,119.44012851185863,34.96002320499204,1.2222487169634304
LOT-C-065,LOT-C,106.1080256083921,119.9146880024048,33.59493313848886,1.2943778722991937
LOT-C-066,LOT-C,96.00735708365602,99.15862773307931,28.32806436034437,1.2571198501834397
LOT-C-067,LOT-C,103.09162985519448,108.60619348115662,30.9945659582673,1.313431356214482
LOT-C-068,LOT-C,104.08408814008848,107.7079629606683,31.109686598267455,1.3400741518296326
LOT-C-069,LOT-C,86.12595667328038,90.84051752648065,26.375822191297285,1.2507942003681003
LOT-C-070,LOT-C,104.85848531738644,109.33874930940591,31.491255124923153,1.2663773452918032
LOT-C-071,LOT-C,118.03418273709194,128.78236774173536,35.6534138105412,1.2714277205762792
LOT-C-072,LOT-C,106.75686475547253,114.5026855668174,32.69833108299523,1.2442469838460417
LOT-C-073,LOT-C,110.53502792237678,120.5862918387772,35.66182912427988,1.2428582896039926
LOT-C-074,LOT-C,100.12861185700702,108.59588909078124,31.61430876853993,1.227589160169149
LOT-C-075,LOT-C,100.14220833272414,108.41308120227785,31.529605100843842,1.3354135683359019
LOT-C-076,LOT-C,104.54395920720634,109.42570668200372,31.2227254901398,1.2454537114124105
LOT-C-077,LOT-C,92.79662378026542,98.67460430749263,28.623396477660215,1.2215292239828577
LOT-C-078,LOT-C,91.28202689248309,99.04140340998488,29.55259821591338,1.2619542824749543
LOT-C-079,LOT-C,113.83815007143814,119.28188774598263,33.908382682630226,1.250247972959292
LOT-C-080,LOT-C,111.36347671059747,120.72754575670886,36.06477807099619,1.1992807721013459
LOT-C-081,LOT-C,93.3597185625678,99.85234262855354,27.285178143286878,1.2962419269256857
LOT-C-082,LOT-C,109.64542577763677,114.64915686379054,33.39348994098001,1.1464787442795379
LOT-C-083,LOT-C,97.41611050562533,109.34472496599848,30.411206055691117,1.1834718215037177
LOT-C-084,LOT-C,103.06265914261108,109.89112122073529,31.466067938515838,1.2943595615404941
LOT-C-085,LOT-C,101.939149077079,110.16555861935531,32.26460621951805,1.3081645874448924
LOT-C-086,LOT-C,109.81204419722933,115.26106460387088,34.21589073448403,1.2029514623917754
LOT-C-087,LOT-C,103.40105963526571,106.44714321325851,32.26792418925409,1.2106108335908765
LOT-C-088,LOT-C,114.30116564460738,121.36644109711371,33.684388524822225,1.2186656912274496
LOT-C-089,LOT-C,103.64707452591502,68.34795168158158,31.710771369225043,1.2526794968578079
LOT-C-090,LOT-C,106.13100372872236,113.65654896815842,31.51317310825374,1.201221558521589
LOT-C-091,LOT-C,93.68657918242953,103.23157604211357,30.226294712317262,1.296771765246287
LOT-C-092,LOT-C,117.70020822719322,128.14844162445473,35.820073666382505,1.2408061423845071
LOT-C-093,LOT-C,102.52240330363051,109.5618021150755,32.432005018857275,1.2611307983950846
LOT-C-094,LOT-C,106.73545812952432,115.25252141676657,32.96234903191493,1.2833969999406531
LOT-C-095,LOT-C,87.07048886596645,94.93105738157709,26.43078366604629,1.2721823555383478
LOT-C-096,LOT-C,94.4210103432962,99.55249166445218,29.001164661958107,1.2125838494222385
LOT-C-097,LOT-C,109.11330945857567,116.44545635341353,35.082571486171695,1.3139411104832028
LOT-C-098,LOT-C,103.10127972768184,114.42313116593574,31.560093416110945,1.4319057449066381
LOT-C-099,LOT-C,84.34846799832376,91.97532979459011,25.935603926472094,1.2723395336036183
LOT-C-100,LOT-C,109.55974182369991,116.74299220031403,34.99633490157397,1.2643489570780075
LOT-C-101,LOT-C,96.05546564434351,101.48372118136504,29.986217904845553,1.241958366751438
LOT-C-102,LOT-C,110.37817629300777,118.64082994167808,36.6374768287796,1.234191364989258
LOT-C-103,LOT-C,97.1118364399985,105.8446568173989,30.740913245481853,1.282800021956989
LOT-C-104,LOT-C,102.46984827075221,111.12189487077043,30.99178433602105,1.2704264266100926
LOT-C-105,LOT-C,108.11754743256732,116.94688159300382,33.18964017530708,1.1786966687241038
LOT-C-106,LOT-C,94.41637046644972,101.62288413377351,29.555549728262942,1.2523587839614578
LOT-C-107,LOT-C,93.2224370856262,95.89922477102967,29.22820993100811,1.2606271898003019
LOT-C-108,LOT-C,99.36867703703889,107.06230024585759,29.723039793783187,1.1601176134765372
LOT-C-109,LOT-C,105.54930114769533,116.27660755127319,33.60346167520095,1.1679234633570883
LOT-C-110,LOT-C,87.88133292788976,95.05474916553777,27.41358036530509,1.1682769501488408
LOT-C-111,LOT-C,84.52264555167703,91.9445104641431,26.932277261255045,1.1791643396147906
LOT-C-112,LOT-C,106.4160621513927,117.234054441942,32.001404109137795,1.2376132544953675
LOT-C-113,LOT-C,96.71330860009013,101.95373059869348,29.045678032147098,1.3198097488583884
LOT-C-114,LOT-C,96.40288877818041,106.82015729877989,30.37045180085946,1.22942932082541
LOT-C-115,LOT-C,85.86505258037496,92.59805715492905,27.211816459990366,1.217099267728099
LOT-C-116,LOT-C,94.62997458535656,102.0105873647896,29.87944981371891,1.1884892483333496
LOT-C-117,LOT-C,101.46492719930757,108.86727610144769,29.927693045448386,1.32249576952883
LOT-C-118,LOT-C,110.79416248217973,118.04213262896062,34.44892490068595,1.2551222828961552
LOT-C-119,LOT-C,91.33790129051512,97.64833046139766,29.2914148228323,1.2144812715362012
LOT-C-120,LOT-C,111.88714454436895,122.19423631087143,35.60276100846562,1.1628345471942712
LOT-C-121,LOT-C,93.85023537614103,105.10517731732716,28.442070355857,1.3021856712298974
LOT-C-122,LOT-C,93.80816944499512,103.189674354004,30.18379433783106,1.2944769060191013
LOT-C-123,LOT-C,113.66259981850324,118.97958218158111,35.703574494099584,1.1988384131219108
LOT-C-124,LOT-C,102.08099386726865,110.34350809041871,31.912519224958178,1.2702174005636113
LOT-C-125,LOT-C,94.3180872001203,100.53077151674856,30.328857616020706,1.2611500746511348
LOT-C-126,LOT-C,100.48300021199198,106.57018387822394,29.491138346130562,1.3079677808602463
LOT-C-127,LOT-C,110.26903270584481,120.37456262480544,33.83765492952069,1.3486581026140214
LOT-C-128,LOT-C,110.41477532073066,119.99313285335354,34.722141954829546,1.1844690603747825
LOT-C-129,LOT-C,93.96143385871935,104.16672788603998,28.581983186854796,1.2737085691419034
LOT-C-130,LOT-C,95.5363764403093,107.55551347994684,30.644330322262846,1.200890143855377
LOT-C-131,LOT-C,102.34343032578339,108.12646762780018,31.081606942940713,1.2273684275126557
LOT-C-132,LOT-C,89.23485530821961,97.21491256498268,29.32299931481501,1.1234029611872016
LOT-C-133,LOT-C,98.40504655437648,106.71944103252451,32.25679856326126,1.296116225929782
LOT-C-134,LOT-C,99.20682709303395,110.65501690853381,30.420788037519323,1.3105459882240402
LOT-C-135,LOT-C,107.08335996260936,119.99792556159171,33.502812591386316,1.1882897455435237
LOT-C-136,LOT-C,109.33368480687514,118.98684060404922,33.598615325791215,1.2832372103597194
LOT-C-137,LOT-C,96.49183398763184,106.39637558604089,30.537338341698938,1.2463446167175238
LOT-C-138,LOT-C,97.62630138056458,106.45452642857313,30.909599197652145,1.3737079491638966
LOT-C-139,LOT-C,106.72346904914235,115.69146538939238,35.1182546649862,1.2809575086060707
LOT-C-140,LOT-C,96.04545767555146,104.35200194991393,28.74155986459041,1.2233659018148746
LOT-C-141,LOT-C,103.94986731386072,114.38107886545029,32.320487926531804,1.2582934055284583
LOT-C-142,LOT-C,100.92793003126897,108.96678942653827,30.652615108891347,1.2098002941873067
LOT-C-143,LOT-C,93.94772347557081,142.6564705433829,27.310886072571915,1.2312107636655032
LOT-C-144,LOT-C,92.59357948998797,101.29059023496194,29.355126148010292,1.2670343600705285
LOT-C-145,LOT-C,112.4543408652871,120.63086073846503,34.04962421561268,1.2343241365375248
LOT-C-146,LOT-C,98.77711494681377,106.57915992016471,29.10361640816984,1.2261509999042342
LOT-C-147,LOT-C,113.20714123082023,121.60991938747003,34.87061911645854,1.2792794822482751
LOT-C-148,LOT-C,94.27247413370776,100.30609827952075,29.44764624075768,1.2958468643301073
LOT-C-149,LOT-C,104.8609711682819,112.08026941596559,30.547577890911025,1.2360579656373938
LOT-C-150,LOT-C,119.52636535576822,129.0279091207248,37.36528191543953,1.1949770632123544
LOT-C-151,LOT-C,91.63832067401988,99.70482418566152,29.038217635877995,1.2016569100032324
LOT-C-152,LOT-C,84.29974869993744,86.19524736071925,25.796250466186333,1.2185351064217373
LOT-C-153,LOT-C,108.76334428804671,119.44736303478702,34.14598717995612,1.1144471673453433
LOT-C-154,LOT-C,93.70878911080806,98.9997210678258,29.33806458597759,1.1730889251362802
LOT-C-155,LOT-C,99.87935889494653,107.25477035634913,31.191129724976804,1.2574818366590808
LOT-C-156,LOT-C,94.92990805385514,99.86512203360982,28.365156467311245,1.2149667836544669
LOT-C-157,LOT-C,102.13288242174815,109.10043053305571,32.165213241232756,1.233246744847299
LOT-C-158,LOT-C,90.9481912553448,99.23117458393938,28.8233580752326,1.269493083129475
LOT-C-159,LOT-C,101.37804799492325,105.10749896068141,30.494965652777083,1.2755674368091656
LOT-C-160,LOT-C,103.56338817365105,110.88516812947115,30.876136268784812,1.219349926456819
LOT-C-161,LOT-C,90.3229752907292,95.83499786034282,27.86285088870336,1.1871744967540128
LOT-C-162,LOT-C,95.27500758077231,103.15345765868811,28.540688174813493,1.2343862821662128
LOT-C-163,LOT-C,94.43357333804295,104.00993241734331,30.457676093237517,1.2994962733768463
LOT-C-164,LOT-C,87.4999059036528,97.75874436934001,26.243984185908054,1.1751423320513725
LOT-C-165,LOT-C,97.68400493606684,107.69131556574533,30.346794353206068,1.2475794568079592
LOT-C-166,LOT-C,97.6575966994399,104.98150799267412,31.39814304847589,1.2285162398257294
LOT-C-167,LOT-C,95.1448556940644,104.67896230633609,30.101223718866944,1.3066649521124163
LOT-C-168,LOT-C,98.03389148106525,108.11209583773868,30.333381521168373,1.2430799003115598
LOT-C-169,LOT-C,101.43725491211808,105.87116780328424,33.20220181876459,1.272515448690004
LOT-C-170,LOT-C,95.325296179798,103.38456843253,30.875465393433178,1.2975504447003563
LOT-C-171,LOT-C,103.12091655842913,116.77772133862483,32.441117899793845,1.2564293043703594
LOT-C-172,LOT-C,109.56894404015131,121.45925503453515,34.04012631745436,1.2560101782796085
LOT-C-173,LOT-C,95.85880835439524,107.83777901490305,31.43414486747176,1.2527907902128845
LOT-C-174,LOT-C,103.97755241887494,111.44522678726837,33.08809664726694,1.2302648077799974
LOT-C-175,LOT-C,97.45105684455427,107.88689350437458,29.975110178268753,1.247734697933088
LOT-C-176,LOT-C,100.55193258804155,112.56619135137902,33.45910216704098,1.2932735223679874
LOT-C-177,LOT-C,114.718935000947,119.83613087724147,35.07219266300663,1.1934104045378366
LOT-C-178,LOT-C,103.72762802577279,113.9392414063814,32.342932157167525,1.1652415386439268
LOT-C-179,LOT-C,83.84014003121592,89.91537052170281,26.995094015703664,1.3738336721394
LOT-C-180,LOT-C,105.67565241757599,108.13055185740961,33.262769916444284,1.3061840250208787
LOT-C-181,LOT-C,107.54496002817893,118.04553950876885,34.93392001260299,1.2830260106560871
LOT-C-182,LOT-C,96.2635880614332,107.3068934028088,28.740441021540235,1.2366306694545672
LOT-C-183,LOT-C,109.67201360304274,116.63907315600072,33.07002427920267,1.303360775226341
LOT-C-184,LOT-C,95.9412033934143,104.6574811101811,29.98798740070028,1.3148824876362288
LOT-C-185,LOT-C,89.21504955997811,95.6959989599605,27.38747008419581,1.235764416854156
LOT-C-186,LOT-C,99.31079971107152,107.3090773050744,31.124487581156778,1.2644871295761457
LOT-C-187,LOT-C,88.10940513103589,92.74044667700083,27.446718765251276,1.3147589393859271
LOT-C-188,LOT-C,97.73466170031809,107.11775887133975,30.210545454644002,1.3293281536447086
LOT-C-189,LOT-C,111.24850310856293,116.73734963988045,34.32058853308392,1.3488867297094327
LOT-C-190,LOT-C,84.45005020220971,92.39507855454228,26.700491063940543,1.187802626050124
LOT-C-191,LOT-C,90.53008755650909,94.15747737923468,27.326348661012418,1.3145433780496516
LOT-C-192,LOT-C,92.27887647416992,98.47428578631092,28.797728848995437,1.246394465134692
LOT-C-193,LOT-C,99.51230887584006,108.76655346553758,30.261072555389514,1.2524201843332814
LOT-C-194,LOT-C,96.60586342292035,101.66900022281625,29.356657766597962,1.34409238682383
LOT-C-195,LOT-C,111.77017602544655,117.44136173505143,33.237574725927566,1.243270165993365
LOT-C-196,LOT-C,109.9765664324983,115.87205329374358,34.41238349887062,1.2711158462491194
LOT-C-197,LOT-C,104.66905925531762,109.60771723542355,32.97829524364993,1.2299040777635835
LOT-C-198,LOT-C,102.45968119516743,107.62990595195895,31.502802657580766,1.271120177236258
LOT-C-199,LOT-C,102.91478824101482,112.20659565932122,31.76209218676836,1.2110564148175231
LOT-C-200,LOT-C,95.51236623168396,102.65037818281533,28.253591962784288,1.2841066583356768
LOT-C-201,LOT-C,105.74366454640116,113.03692816740448,33.95292922993958,1.1477540224611558
LOT-C-202,LOT-C,92.4939298354912,97.88649301719039,28.07289296672476,1.2745850731773973
LOT-C-203,LOT-C,107.55481416920922,113.56497087365746,33.645915431877576,1.2568022322815133
LOT-C-204,LOT-C,107.60505782764858,117.90852225114722,35.04665661770184,1.3505956878947418
LOT-C-205,LOT-C,102.7629395031177,107.44118318570435,31.915429735143167,1.3010516542315516
LOT-C-206,LOT-C,99.67885750328227,108.04742774794438,30.853602077172326,1.2456552596701673
LOT-C-207,LOT-C,102.28992802262135,107.66280657079258,32.26448198597867,1.2611631706191313
LOT-C-208,LOT-C,77.94421680343184,80.60139389574441,24.41944779360238,1.3732727056772467
LOT-C-209,LOT-C,102.53574094405056,110.4881803693013,31.996802266712503,1.3719402214826202
LOT-C-210,LOT-C,97.5576963747317,107.42703532545188,30.079156147519164,1.2171797167493004
LOT-C-211,LOT-C,99.52058963372116,110.25721958641472,32.31523476016965,1.2768885286776024
LOT-C-212,LOT-C,105.08736801864738,119.08991864471426,32.410157046923,1.2157318451384158
LOT-C-213,LOT-C,96.73943406061409,110.14617965617025,31.58916954841651,1.3950683321669868
LOT-C-214,LOT-C,88.79406011846355,101.06495437349221,28.22839541019803,1.2983660130080081
LOT-C-215,LOT-C,96.39711292174026,109.71444456939933,31.278534777418525,1.247665397912827
LOT-C-216,LOT-C,101.50811290413827,107.05268878037383,30.703985532055086,1.2221933231824762
LOT-C-217,LOT-C,98.14037950011269,110.71654598446668,32.238310992066964,1.2079193510141695
LOT-C-218,LOT-C,101.81765946219777,108.86790238408452,31.66417920053179,1.2123453655273382
LOT-C-219,LOT-C,106.98981462521697,119.0842983201438,33.52653876329842,1.3713265370512084
LOT-C-220,LOT-C,91.38118852291802,96.76450538108399,29.288187009624064,1.2878480098487612
LOT-C-221,LOT-C,102.49591294486345,111.89925329900015,30.913500096212193,1.2423648014608828
LOT-C-222,LOT-C,110.06226284171424,116.56349952223037,33.988153532446645,1.3301827674726094
LOT-C-223,LOT-C,86.47911518019322,90.32083401077267,25.453491958263808,1.3498865635248962
LOT-C-224,LOT-C,101.30169493085772,108.25732691053642,31.22633035641693,1.16136153474096
LOT-C-225,LOT-C,97.45161470848308,102.15622386778087,30.64218253729759,1.253099102866839
LOT-C-226,LOT-C,99.17861488606782,105.31045127623855,30.763224376801958,1.2931455827653002
LOT-C-227,LOT-C,93.6964765736626,63.440384541579846,28.569796819135767,1.3649260814943716
LOT-C-228,LOT-C,97.2831887967526,106.54369710103448,30.591422925228976,1.2741464452006113
LOT-C-229,LOT-C,114.08583594657348,124.53794111982764,35.43123985561635,1.1550828489537261
LOT-C-230,LOT-C,89.89888553996757,94.87419101336857,26.47670409432139,1.2582123992413632
LOT-C-231,LOT-C,91.37494499319874,98.9479656627921,28.553103759468268,1.1340446587435633
LOT-C-232,LOT-C,87.54299804683076,100.69832818741466,26.933435257932878,1.2866504618682013
LOT-C-233,LOT-C,112.78893986052604,123.08423947500194,34.77739398901881,1.2836924692771787
LOT-C-234,LOT-C,96.50644353180475,103.10880539700761,29.013259834562636,1.2660664518495506
LOT-C-235,LOT-C,97.97580931865473,108.63344060283778,33.03760305756729,1.3310102030757207
LOT-C-236,LOT-C,97.85525830149132,104.3487407933598,28.450096204453704,1.170662816245989
LOT-C-237,LOT-C,94.36880625692933,98.26067417034773,28.098429583029095,1.2400609714589588
LOT-C-238,LOT-C,96.52572543881467,103.51476094414801,30.376447138171063,1.1965082327196779
LOT-C-239,LOT-C,118.55442097622414,127.67684270126988,37.51433231329424,1.2360724585702785
LOT-C-240,LOT-C,110.86870941595326,121.22138455183534,34.3387041974298,1.2333047738925695
LOT-C-241,LOT-C,93.88217299101709,101.96701294139004,28.767055412268284,1.2548364665372314
LOT-C-242,LOT-C,104.00790747989349,111.87367416412391,33.22130177716643,1.2766965237526773
LOT-C-243,LOT-C,94.03076547629385,101.37735194161355,28.97478614443935,1.291784713449366
LOT-C-244,LOT-C,87.19172203076441,94.47463961074996,26.513985922904585,1.3332195637945303
LOT-C-245,LOT-C,108.49877836391552,118.073326713754,33.754057388476184,1.2648204024490504
LOT-C-246,LOT-C,108.17711478777292,119.42590387168993,36.153265775602115,1.227512295512595
LOT-C-247,LOT-C,108.47491008152062,116.14548092035933,33.203793661349245,1.3426669686871204
LOT-C-248,LOT-C,95.23162147965222,102.99220330001016,28.564739922950416,1.2045432965274652
LOT-C-249,LOT-C,96.10319428855409,107.82266705664671,32.826153957144925,1.2279992723809687
LOT-C-250,LOT-C,103.49798752977964,116.27797371246567,32.277878605928024,1.3279608158332123
