Serial_No,Lot,Bearing_RPM_0h,Bearing_RPM_24h,Shaft_Vibration_0h,Shaft_Vibration_24h,Housing_Temp_0h,Housing_Temp_24h,Bearing_RPM_0h_Max_Limit,Shaft_Vibration_24h_Max_Limit,Housing_Temp_24h_Max_Limit
LOT-A-001,LOT-A,1450.0492061342993,1459.5473125753558,2.3177586433913344,2.2150106115976724,59.95398146672725,58.83926119151663,1650.0,3.8,85.0
LOT-B-002,LOT-B,1452.4057441038976,1503.2890403132903,2.252338044434601,2.301448032057619,64.20428922583339,65.17736893835229,1650.0,3.8,85.0
LOT-C-003,LOT-C,1897.4999999999998,1407.9203421222553,2.391224453261018,4.369999999999999,55.95103453721713,97.74999999999999,1650.0,3.8,85.0
LOT-A-004,LOT-A,1373.9510904079661,1392.839414929031,1.8474794886624801,2.424770838056102,56.296490833503334,64.774942486462,1650.0,3.8,85.0
LOT-B-005,LOT-B,1456.270043464969,1439.148900325542,1.644972086753846,2.3276182733290764,-1138.876808090521,64.03255223421554,1650.0,3.8,85.0
LOT-C-006,LOT-C,1388.7945693797842,1426.934362406575,2.1064442765830083,2.241172083383808,66.77404380523735,59.704587025940086,1650.0,3.8,85.0
LOT-A-007,LOT-A,1448.6991318021792,1484.1443744300932,2.2249198701770094,2.4642553761330688,62.497088644622664,63.799774338998795,1650.0,3.8,85.0
LOT-B-008,LOT-B,1400.9977669432922,1450.1978896758344,2.8076470265224613,2.0049137029988855,65.8672220960972,64.06096392077393,1650.0,3.8,85.0
LOT-C-009,LOT-C,1424.3411842357111,1531.0174949463817,2.6286779136254133,2.1162275513263284,62.33532302947159,66.21044104324987,1650.0,3.8,85.0
LOT-A-010,LOT-A,1442.4487149859701,1475.6822312221987,2.380044803955175,2.713519219466985,68.47335166245269,60.32438742027343,1650.0,3.8,85.0
LOT-B-011,LOT-B,1458.1255444155843,1427.5410817853865,2.438180523367749,2.1200977510879553,59.393142815737974,62.577878927818865,1650.0,3.8,85.0
LOT-C-012,LOT-C,1485.9505548840164,1495.0993243130736,2.0029416622547234,2.245714442884144,64.9110654015804,54.13562701437988,1650.0,3.8,85.0
LOT-A-013,LOT-A,1431.4732054019053,1442.9139491218561,2.777104493186046,2.7206092481826416,60.52753960900011,61.76769329773019,1650.0,3.8,85.0
LOT-B-014,LOT-B,1439.992183979283,1510.9882348191588,2.27159251722814,2.4028222757232864,63.586650802783694,62.93237890809366,1650.0,3.8,85.0
LOT-C-015,LOT-C,1442.108630881371,1400.2091799876557,2.3965435595884355,2.358054008648186,67.247574992856,66.56951596269548,1650.0,3.8,85.0
LOT-A-016,LOT-A,1449.0342554796027,1475.0720029772285,2.298039134486055,2.836680434696623,61.97570197697768,66.24189706464794,1650.0,3.8,85.0
LOT-B-017,LOT-B,1398.3642701870606,1461.560562052894,1.8935387647900375,1.8486947376192218,60.62985405029853,59.2703402442866,1650.0,3.8,85.0
LOT-C-018,LOT-C,1897.4999999999998,1541.279778312414,2.1504830455763755,4.369999999999999,62.92431775729114,97.74999999999999,1650.0,3.8,85.0
LOT-A-019,LOT-A,1442.9437573637697,1438.350926129365,2.610738886536163,2.6663704438508473,57.3484587556684,63.12784780250554,1650.0,3.8,85.0
LOT-B-020,LOT-B,1451.411473946459,1402.7116458739374,2.477951730202309,2.225453927303506,66.3743001856267,64.40590578924385,1650.0,3.8,85.0
LOT-C-021,LOT-C,1453.572259430762,1422.1768091800366,2.364417052836692,1.8607211862697426,56.90866638264624,65.20534705618715,1650.0,3.8,85.0
LOT-A-022,LOT-A,1364.8573183271142,1482.5575579022088,1.8761710573878272,2.7421563208525654,58.19526335204304,67.16125809640957,1650.0,3.8,85.0
LOT-B-023,LOT-B,1455.238048303392,1382.4529325077574,2.7747446248675365,2.961346289767236,61.70387792299907,62.212593520790094,1650.0,3.8,85.0
LOT-C-024,LOT-C,1443.6053213611744,1406.0436024432927,2.729576027927075,2.32627458184634,61.76964314288745,59.771506904945696,1650.0,3.8,85.0
LOT-A-025,LOT-A,1424.9570760111922,1393.3355436306508,2.777120794114318,2.450691976574076,66.34664728427964,63.56262560549232,1650.0,3.8,85.0
LOT-B-026,LOT-B,1422.2238588918842,1433.2792190799055,2.23193068484913,2.5025469117391723,60.3112992214537,62.090367935073544,1650.0,3.8,85.0
LOT-C-027,LOT-C,1394.8570126345635,1413.1124710399129,2.896217264640129,2.2852053707994506,57.25657795569428,65.08543376310264,1650.0,3.8,85.0
LOT-A-028,LOT-A,1506.2908879822612,1385.9309792957893,2.337443445524619,2.2977431827408297,54.07541236552669,66.95415553351444,1650.0,3.8,85.0
LOT-B-029,LOT-B,1449.0622432578061,1450.0005574602894,2.174306558266323,2.6455309321590135,59.573161927307055,62.82835492006522,1650.0,3.8,85.0
LOT-C-030,LOT-C,1405.6695683127396,1395.9236840712558,2.8006595565900065,2.337726494547688,63.31256160360111,63.34118495659335,1650.0,3.8,85.0
LOT-A-031,LOT-A,1432.3541918895125,1425.6656392458367,2.589024777433676,2.403402366549149,61.31850358322919,63.604441318814054,1650.0,3.8,85.0
LOT-B-032,LOT-B,1497.0603328100801,1475.5814609345919,2.5147800803183977,2.3196571541269626,55.7811407599709,67.96279067915592,1650.0,3.8,85.0
LOT-C-033,LOT-C,1488.657885368835,1441.0902472368198,2.562565152481055,2.75006177724333,65.74033003699242,67.83050232425842,1650.0,3.8,85.0
LOT-A-034,LOT-A,1431.7752939735547,1510.6288652719181,2.0260220825142876,2.775751384637968,64.22269435563841,67.60600983356517,1650.0,3.8,85.0
LOT-B-035,LOT-B,1525.1603322838696,1509.3467098819033,2.0564469278432025,1.9596250943142857,65.67600076574209,58.72944164538316,1650.0,3.8,85.0
LOT-C-036,LOT-C,1449.5037844540996,1482.2685540342181,1.9068607946443241,1.8248062546209667,63.16684559151752,63.7086136811825,1650.0,3.8,85.0
LOT-A-037,LOT-A,1440.1678771447232,1448.6184600783492,2.141845317789816,2.015681789672926,61.25005317103855,58.932969152067855,1650.0,3.8,85.0
LOT-B-038,LOT-B,1384.2607471035558,1468.2386049985175,2.381580411473347,2.6300891317225004,57.54817276358328,60.40712367836771,1650.0,3.8,85.0
LOT-C-039,LOT-C,1410.0382789111934,1409.761041583562,2.4586223753248206,2.2494481227728174,63.602298299691235,65.09685284946562,1650.0,3.8,85.0
LOT-A-040,LOT-A,1531.0064394752042,1388.502860073594,2.6663707133505135,-1195.3553815561172,61.936866214410514,56.68564003703893,1650.0,3.8,85.0
LOT-B-041,LOT-B,1431.5922474910137,1478.214285064646,2.3752564883948084,2.525937398531605,60.691774937297566,68.92647781083555,1650.0,3.8,85.0
LOT-C-042,LOT-C,1449.14109731826,1354.5825417557535,2.1923782348576526,1.869985085734322,47.368527130265576,61.00845785607013,1650.0,3.8,85.0
LOT-A-043,LOT-A,1503.3423940041089,1448.9790360574848,2.048236287778506,2.1989760421752247,67.08775953612503,64.24084512997278,1650.0,3.8,85.0
LOT-B-044,LOT-B,1897.4999999999998,1444.7546048688016,2.4115200784666038,4.369999999999999,64.48655283810234,97.74999999999999,1650.0,3.8,85.0
LOT-C-045,LOT-C,1408.2852656963996,1468.4665681262086,2.1947258766022517,2.8500306162881532,56.280271302241424,62.853181411504735,1650.0,3.8,85.0
LOT-A-046,LOT-A,1449.7056685483492,1391.3648868729463,2.9165914931569437,2.9673301655230566,59.913873072759124,67.12708947815327,1650.0,3.8,85.0
LOT-B-047,LOT-B,1465.1470427868085,1337.2305025394992,2.475119404883277,2.4803698944533603,62.374478090635385,58.43868787681226,1650.0,3.8,85.0
LOT-C-048,LOT-C,1439.2261181511838,1439.5131319379436,2.7564282651636955,2.6070166593251245,61.97500236408801,70.68615899018141,1650.0,3.8,85.0
LOT-A-049,LOT-A,1427.7900828094541,1430.6439271952338,1.854973496598282,3.002113870810756,66.33949565687493,67.80918580920502,1650.0,3.8,85.0
LOT-B-050,LOT-B,1476.7559378578776,1451.6262406818735,2.4646466817546986,2.4193578911144615,61.083798084246745,63.75522697505436,1650.0,3.8,85.0
LOT-C-051,LOT-C,1510.473180462551,1470.3388918759392,2.3824619622723415,2.3145945438581133,59.14250680664753,71.0327135525107,1650.0,3.8,85.0
LOT-A-052,LOT-A,1470.267492169084,1449.8371234490476,2.296145447354183,2.145102908255831,61.699122991385465,67.60619276200994,1650.0,3.8,85.0
LOT-B-053,LOT-B,1434.2985101265003,1437.4558115139764,2.3336896945683065,2.535070197759414,54.83145104564476,62.39362774576407,1650.0,3.8,85.0
LOT-C-054,LOT-C,1415.8241792738372,1484.1525713676294,2.168820397030542,2.6846549591362225,68.85996853727042,62.02609757197636,1650.0,3.8,85.0
LOT-A-055,LOT-A,1425.9369499150614,1455.0401548832958,2.3993912917172913,2.1820427688512924,64.0741373707102,72.97292545133442,1650.0,3.8,85.0
LOT-B-056,LOT-B,1439.6755201893711,1438.4791997652842,2.086520392929274,2.602108304539695,56.388606988815674,58.297424185548024,1650.0,3.8,85.0
LOT-C-057,LOT-C,1501.1866908737516,1408.970971505425,2.7244072707994014,2.987794561210498,63.16696905864534,66.10093959339888,1650.0,3.8,85.0
LOT-A-058,LOT-A,1528.0900377474711,1438.73740711324,2.222098260917515,2.0669660592694585,62.18768186155856,70.45197779131604,1650.0,3.8,85.0
LOT-B-059,LOT-B,1488.3838152560347,1407.4321678604458,2.143387384850221,2.3386652066108917,63.31520637122904,62.53503629261269,1650.0,3.8,85.0
LOT-C-060,LOT-C,1458.5781578177232,1459.4630538779088,2.310367923996466,2.487144338687058,62.92966569747215,63.105342393394075,1650.0,3.8,85.0
LOT-A-061,LOT-A,1470.140834599762,1525.5767824797763,2.577591685431249,2.5178593748507367,54.412466194871385,65.32339830427145,1650.0,3.8,85.0
LOT-B-062,LOT-B,1372.1328635293116,1387.8205683814429,2.6563917757406292,2.7259952192437327,61.32527450743002,55.46294780108459,1650.0,3.8,85.0
LOT-C-063,LOT-C,1435.146059324366,1418.492990634927,2.5910522238390628,3.2224737703768103,62.97618719579595,59.83723769824905,1650.0,3.8,85.0
LOT-A-064,LOT-A,1403.1779387878712,1444.6440402077326,2.3469620419459236,2.131513868951209,62.52359856061483,58.09070644983895,1650.0,3.8,85.0
LOT-B-065,LOT-B,1494.4842908691721,1491.6313254431025,2.725425379588926,2.348303849405271,64.3153425349314,62.87927332546902,1650.0,3.8,85.0
LOT-C-066,LOT-C,1434.4475175439006,1432.7558824000332,2.010085418089755,2.037963617313561,65.5744165589422,62.60119360157825,1650.0,3.8,85.0
LOT-A-067,LOT-A,1458.656994045105,1489.0718363150731,1.8800602514951776,2.2490783763789137,62.78900679559282,65.3428454973282,1650.0,3.8,85.0
LOT-B-068,LOT-B,1434.9170219839561,1490.2255277733098,2.463118481648891,2.111717715575085,57.8115630080421,67.28571398432473,1650.0,3.8,85.0
LOT-C-069,LOT-C,1468.5532582582423,1367.2394279617229,2.8043136911587228,2.6913686499500438,68.04504344463425,61.6966058589471,1650.0,3.8,85.0
LOT-A-070,LOT-A,1438.171751146707,1399.6888024404445,3.161078871039566,2.4438546478697125,69.14389936436875,60.45772547847979,1650.0,3.8,85.0
LOT-B-071,LOT-B,1456.5536476933241,1376.8031955640568,2.285139855369969,2.814801570688009,56.367152829914765,68.53946946119268,1650.0,3.8,85.0
LOT-C-072,LOT-C,1463.4895126339386,1403.1540611506612,2.249520818572298,2.353098983454268,61.77716297925874,60.980123360067466,1650.0,3.8,85.0
LOT-A-073,LOT-A,1416.9084839678185,1434.2073164943777,2.091933078417285,2.0873514967542155,61.78320582871689,67.64950886010647,1650.0,3.8,85.0
LOT-B-074,LOT-B,1388.8251317953054,2651.5551103512535,2.2050131415596113,2.1873134601168993,65.84046943721579,61.06460246127387,1650.0,3.8,85.0
LOT-C-075,LOT-C,1509.9320673225952,1414.2467467058514,2.5159505980877497,2.427269437901695,58.606901858931366,66.26207270011544,1650.0,3.8,85.0
LOT-A-076,LOT-A,1443.8006970770077,1472.3348443899731,2.385812547834901,2.1525387983035396,61.54068840564992,63.744189296725864,1650.0,3.8,85.0
LOT-B-077,LOT-B,1488.3385181552478,1408.9367016919225,2.3882010440198083,1.9489988063263874,64.93171877154492,58.417030019188964,1650.0,3.8,85.0
LOT-C-078,LOT-C,1377.7456191566557,1444.512892960461,2.7317054875988536,2.0121769765721997,57.10383986575208,60.006608012049576,1650.0,3.8,85.0
LOT-A-079,LOT-A,1404.8201341463198,1462.9359713100525,2.1577897664866543,2.2691152843327353,64.6248742940704,59.949081234447185,1650.0,3.8,85.0
LOT-B-080,LOT-B,1467.3112039112289,1406.2018227809542,2.036358445735413,1.9126562274589047,70.37541254110278,61.99478254898432,1650.0,3.8,85.0
LOT-C-081,LOT-C,1459.757334717937,1445.6959206228064,2.447988527102179,2.515899673399799,70.58697667641215,58.61704502250141,1650.0,3.8,85.0
LOT-A-082,LOT-A,1387.701515756073,1404.4976939236572,1.999587297072436,2.7390278567942214,65.6917019429199,58.98181693779347,1650.0,3.8,85.0
LOT-B-083,LOT-B,1394.3825689414803,1432.098540568074,2.817337163362918,1.5977377863045388,64.36982046057143,58.44395043099165,1650.0,3.8,85.0
LOT-C-084,LOT-C,1491.614685861651,1401.7271944831764,2.314375251835248,2.01799068779534,57.60233967275856,70.01344406631675,1650.0,3.8,85.0
LOT-A-085,LOT-A,1482.8231474356023,1430.1299376096715,2.1389482889387232,1.8939817163162194,60.22854479644557,63.3547547128444,1650.0,3.8,85.0
LOT-B-086,LOT-B,1446.6378256866205,1443.0607390250009,2.063457111831922,2.478792356683002,61.825969792092025,69.56564157767494,1650.0,3.8,85.0
LOT-C-087,LOT-C,1524.6693381740945,1441.2464608694527,2.170108214647234,2.4792057184761718,59.26570426135503,60.01056106599263,1650.0,3.8,85.0
LOT-A-088,LOT-A,1447.6539939231143,1403.1812138916027,2.5818320253465052,1197.8888392467702,63.125037380869784,62.64018183093784,1650.0,3.8,85.0
LOT-B-089,LOT-B,1420.9098221099034,1407.1856984905482,2.328817198702638,2.3243966920231003,63.05255599944309,63.47917099497109,1650.0,3.8,85.0
LOT-C-090,LOT-C,1395.5077300830908,1449.8190945759907,1.9971418748577727,2.30272715983383,60.67540875851969,53.74621559381684,1650.0,3.8,85.0
LOT-A-091,LOT-A,1453.6602979143993,1453.341300688002,2.352592741972598,2.36421847280909,60.31878352951337,58.91026449752803,1650.0,3.8,85.0
LOT-B-092,LOT-B,1439.2119852108476,1423.7903042523758,2.4275056178062195,2.1146764513456455,63.06015459055015,64.17312879934505,1650.0,3.8,85.0
LOT-C-093,LOT-C,1444.3374867128512,1428.5533974303758,2.5657019677410338,1.9673274538259633,64.07204002165304,64.64227609109474,1650.0,3.8,85.0
LOT-A-094,LOT-A,1461.3350517013846,1463.0991288821724,2.203906678022145,2.4169727813435404,64.86676249047358,65.52400444719062,1650.0,3.8,85.0
LOT-B-095,LOT-B,1458.268510617706,1383.3985497049757,2.5613661344649623,2.874230717437794,66.54352171869286,64.5992268292148,1650.0,3.8,85.0
LOT-C-096,LOT-C,1387.6928558558322,1486.5868821975769,2.35582360898407,1.689593712618571,63.697433313982415,56.48679261952618,1650.0,3.8,85.0
LOT-A-097,LOT-A,1398.1423767921974,1420.3317265202982,2.7817773533648653,2.3813294866629144,63.21946214481522,71.71544942963548,1650.0,3.8,85.0
LOT-B-098,LOT-B,1513.7611905062317,1442.6591565352508,2.3275436933818465,2.096521397091344,58.87493866618284,65.49918423378001,1650.0,3.8,85.0
LOT-C-099,LOT-C,1465.829230472386,1451.6300057093063,2.6984404972691776,2.252842235829382,61.747655659174406,66.93684204592562,1650.0,3.8,85.0
LOT-A-100,LOT-A,1473.3658362491167,1491.9797225807615,2.519106122029518,2.400991182209014,63.629865171180796,58.787802576994686,1650.0,3.8,85.0
LOT-B-101,LOT-B,1384.4216267382749,1471.3882147976815,2.3834579001536973,2.5986910804534427,54.36042036271362,61.78396408379048,1650.0,3.8,85.0
LOT-C-102,LOT-C,1897.4999999999998,1410.7030911810598,1.7234954980612618,4.369999999999999,66.03786929674786,97.74999999999999,1650.0,3.8,85.0
LOT-A-103,LOT-A,1425.9621356133678,1446.3752091906874,2.6270400240714027,1.616666283950658,61.43958553937013,66.05304069175276,1650.0,3.8,85.0
LOT-B-104,LOT-B,1477.285145009367,1518.4306686944212,2.740513703728944,2.600020107118799,63.35889202751942,67.19864313557461,1650.0,3.8,85.0
LOT-C-105,LOT-C,1428.4269202103064,1445.3121016923862,2.671871700923561,3.126382468766429,61.28329712420716,63.27251676014964,1650.0,3.8,85.0
LOT-A-106,LOT-A,1457.9392077515072,1503.4145551483384,2.3909060089232548,2.9701948916707663,57.650042521570626,62.625629410036126,1650.0,3.8,85.0
LOT-B-107,LOT-B,1442.073393732579,1480.0332404120413,2.7135781130934835,2.0169778054021656,57.88197068384949,65.08320665024937,1650.0,3.8,85.0
LOT-C-108,LOT-C,1423.6522541645675,1383.058033422799,2.711543991607044,2.6580704269291675,64.21929873587337,61.26540513270335,1650.0,3.8,85.0
LOT-A-109,LOT-A,1491.1575380866927,1436.9216801500609,2.7289305833468855,2.2082671516983607,58.1563904854229,64.46191708980918,1650.0,3.8,85.0
LOT-B-110,LOT-B,1421.9067141681176,1475.3689447454908,2.478026323238716,2.2046492102838084,62.327895204252954,61.84899486551938,1650.0,3.8,85.0
LOT-C-111,LOT-C,1486.633313167082,1420.4327747065154,2.268248071358136,2.887595809720427,72.07367025159131,72.89534072187129,1650.0,3.8,85.0
LOT-A-112,LOT-A,1452.5289204664243,1456.1918976968655,2.860037598684798,2.460180862001718,57.60642888288185,64.04931530795061,1650.0,3.8,85.0
LOT-B-113,LOT-B,1468.0606712212852,1412.1757160516336,1.9061306575502543,2.0402465553426876,64.99443177877548,59.935630373334334,1650.0,3.8,85.0
LOT-C-114,LOT-C,1444.3461163051554,1455.9274647421892,2.5857422637284126,2.3928311044116883,64.24422065216271,59.31671662703204,1650.0,3.8,85.0
LOT-A-115,LOT-A,1435.5314389728794,1403.9745453129094,2.739530164908575,2.4913333670185627,58.673116305663655,61.84385254909381,1650.0,3.8,85.0
LOT-B-116,LOT-B,1441.130860771069,1476.4218312356504,1.9213091465444292,2.168094130679866,60.298517367991266,75.4018374140087,1650.0,3.8,85.0
LOT-C-117,LOT-C,1488.2271557012798,1442.3190294765004,1216.0658955247955,3.1583795742817076,60.94815232951075,61.777857282741465,1650.0,3.8,85.0
LOT-A-118,LOT-A,1498.4777417288758,1467.7553709215836,2.601399946596767,2.337368832230214,70.65891409554234,71.53507676749021,1650.0,3.8,85.0
LOT-B-119,LOT-B,1472.63791155491,1475.740173202184,1.7918217383270894,2.7040671339191067,61.126511357486045,65.53935681739264,1650.0,3.8,85.0
LOT-C-120,LOT-C,1477.298376473844,1432.6657457394524,1.8928554599438745,2.617719860823755,58.66377356401822,61.948087764195606,1650.0,3.8,85.0
LOT-A-121,LOT-A,1425.8196062362322,1432.6538812792821,1.7071437128202174,2.8894230807140855,63.14005746046913,68.72357653571866,1650.0,3.8,85.0
LOT-B-122,LOT-B,1529.1936731923975,1447.9489111476355,1.8592691232478273,2.2139562078785326,56.5689298359648,61.14118917721851,1650.0,3.8,85.0
LOT-C-123,LOT-C,1453.185919122639,1362.908134785024,2.5027426480024655,2.016685870948519,63.33814368260005,62.985391617668185,1650.0,3.8,85.0
LOT-A-124,LOT-A,1437.4547504322968,1443.9321916504648,2.2380665952804923,2.3040091381106644,54.42759624109001,63.360751620208156,1650.0,3.8,85.0
LOT-B-125,LOT-B,1523.8213484249327,1530.1807926411534,2.7965452789634826,2.7258565122724985,58.95583944164005,70.28092870461643,1650.0,3.8,85.0
LOT-C-126,LOT-C,1447.7548978223613,1444.1072285899509,2.3126318604482203,2.5294278076858547,60.04153294285375,63.1062238039464,1650.0,3.8,85.0
LOT-A-127,LOT-A,1406.6160356509095,1431.3061244008982,3.0841669409849466,2.477729911052177,60.92602745852707,66.00215911179374,1650.0,3.8,85.0
LOT-B-128,LOT-B,1478.3248728681385,1400.2217079147729,2.3378523651590264,2.793848269099125,63.21426933082447,64.07318400445833,1650.0,3.8,85.0
LOT-C-129,LOT-C,1512.1607067443492,1418.5335440951349,2.4248237685322898,2.333581227118377,68.70638703084309,54.3262561234003,1650.0,3.8,85.0
LOT-A-130,LOT-A,1423.1943321806496,1424.7754074268275,2.599061886951477,2.6940081523550488,68.27837417107429,56.10204564101457,1650.0,3.8,85.0
LOT-B-131,LOT-B,1480.0190003612192,1434.6822456998912,2.200312428822547,2.6726619306792068,57.85937187768958,53.738507512022686,1650.0,3.8,85.0
LOT-C-132,LOT-C,1435.1912604430945,1384.09362423104,2.2053252536787964,2.618897524400352,63.40399885526371,70.95842741019926,1650.0,3.8,85.0
LOT-A-133,LOT-A,1442.0138101222606,1382.60007319699,2.1731709430092963,2.205797048119593,56.51978678693788,65.54622581657257,1650.0,3.8,85.0
LOT-B-134,LOT-B,1424.1907064813904,1363.9503416991456,2.6090768409357636,2.4643434980138537,63.605767752586424,63.99689126008992,1650.0,3.8,85.0
LOT-C-135,LOT-C,1475.266189365935,1448.5967873746524,2.7708607450434632,2.635994492792712,63.76430430524781,65.42637451310802,1650.0,3.8,85.0
LOT-A-136,LOT-A,1391.734490297251,1440.0852984242438,2.3222050531351504,2.566414950771355,55.885876260666684,71.18033945139668,1650.0,3.8,85.0
LOT-B-137,LOT-B,1454.1755465662611,1396.1246632926716,1.8873339109263485,2.409988066009386,61.5964606418309,60.12402719592037,1650.0,3.8,85.0
LOT-C-138,LOT-C,1453.684553116957,1420.0706177759384,2.5654974755118896,2.268146618115557,61.826748987027834,68.10054411480205,1650.0,3.8,85.0
LOT-A-139,LOT-A,1552.8667553164116,1404.6789859095145,2.26064766897387,2.231252576704021,65.52947744796174,58.10393326312745,1650.0,3.8,85.0
LOT-B-140,LOT-B,1430.6257181762765,1445.7567461040246,2.106396438156077,2.193655986461062,59.85969700345161,53.6279308704144,1650.0,3.8,85.0
LOT-C-141,LOT-C,1392.1808713170667,1429.6525683126868,2.4444691909025997,2.4405568044948502,54.01714087322272,61.32020442872801,1650.0,3.8,85.0
LOT-A-142,LOT-A,1481.937505620247,1470.3463515036356,2.3763756415416495,2.2160416399685747,64.84047366928493,60.77903378831325,1650.0,3.8,85.0
LOT-B-143,LOT-B,1403.2300639010393,1413.308178123205,2.8345035875322457,2.570457612224542,67.21661173871468,61.24711932744597,1650.0,3.8,85.0
LOT-C-144,LOT-C,1487.5259735674058,1421.7368301680408,2.3527717892901507,3.295632083185822,65.45216884534828,61.14449923595984,1650.0,3.8,85.0
LOT-A-145,LOT-A,1446.6072384389313,1460.701383677197,2.763137276854771,2.343477410665552,54.16406411927984,62.18568347830635,1650.0,3.8,85.0
LOT-B-146,LOT-B,1450.6154182865503,1451.6005946868802,2.7950070408547987,2.601339865057897,65.65812637236193,58.32476563855343,1650.0,3.8,85.0
LOT-C-147,LOT-C,1484.716059536982,1535.0412329295639,2.631872787075053,2.5811378303810297,62.69294684783485,71.89956852342222,1650.0,3.8,85.0
LOT-A-148,LOT-A,1412.9127406643654,1442.33370096593,2.538062277881464,2.7380803545002235,60.03202442431226,64.94441055521801,1650.0,3.8,85.0
LOT-B-149,LOT-B,1438.8831407459552,1452.0597875776537,2.360372537887831,2.134690023086224,61.904988867394486,67.62261215369062,1650.0,3.8,85.0
LOT-C-150,LOT-C,1411.3192683383331,1436.874146551457,2.5994340193371444,2.1576431658409048,62.82187251878671,58.517389850918846,1650.0,3.8,85.0
LOT-A-151,LOT-A,1495.385220033351,1544.1384980389541,3.006676585273729,2.429862183112596,65.33089607933282,64.06868932395074,1650.0,3.8,85.0
LOT-B-152,LOT-B,1454.0842358427715,1512.005796559389,2.0042461271447536,2.837694271189157,61.7796080217992,70.12014091683947,1650.0,3.8,85.0
LOT-C-153,LOT-C,1457.4893347559778,1418.7477762299002,2.4831421130254148,2.735509470409499,62.160936533500376,65.79377989981602,1650.0,3.8,85.0
LOT-A-154,LOT-A,1429.1329929719207,1357.376876164507,2.6700070751320024,2.7237311155789725,62.6668027307645,63.82152964238852,1650.0,3.8,85.0
LOT-B-155,LOT-B,1491.4518307741896,1427.8015175299845,2.1880397803924443,2.4396640417612847,67.35093734848189,56.98056934995692,1650.0,3.8,85.0
LOT-C-156,LOT-C,1497.6731997045604,1420.1513801233684,2.0697769500827934,2.903219787565542,61.563994573417126,57.38889848739086,1650.0,3.8,85.0
LOT-A-157,LOT-A,1435.6506776377428,1486.1042020972554,2.7576222577865317,2.3633284217852637,63.828443415937734,66.85619777225382,1650.0,3.8,85.0
LOT-B-158,LOT-B,1424.2149402513458,1461.9115151569906,2.3904366255733316,2.32847218864861,59.785334290794836,63.815062064775894,1650.0,3.8,85.0
LOT-C-159,LOT-C,1451.1941394783453,1423.2494219603777,2.272216467479952,2.856267916268908,62.96222210829642,67.65994352296492,1650.0,3.8,85.0
LOT-A-160,LOT-A,1498.0728892774969,1471.731374904861,3.0812658940147295,2.2359027098355537,65.63784316887032,62.00472332675387,1650.0,3.8,85.0
LOT-B-161,LOT-B,1524.2313305348512,1518.4184850984818,1.8137366453979777,2.1899628023961983,64.98940809857454,67.21237588645704,1650.0,3.8,85.0
LOT-C-162,LOT-C,1479.462568646371,1444.0236562167197,2.536536247369043,2.7089668594516234,61.64957928708204,68.32831925129966,1650.0,3.8,85.0
LOT-A-163,LOT-A,1359.6201100356382,1473.6193278219396,2.089784216314282,2.8067768985502046,60.9709200879896,59.32269982590508,1650.0,3.8,85.0
LOT-B-164,LOT-B,1464.9560862697697,1408.7239930904777,2.1261696307333815,1.9984658060950107,61.87981510340849,65.83507055194693,1650.0,3.8,85.0
LOT-C-165,LOT-C,1490.9210394452498,1441.0474298048616,-1195.7360238821598,2.5057475120431367,61.58020183559201,66.19574585493162,1650.0,3.8,85.0
LOT-A-166,LOT-A,1492.3357110450304,1432.6597529127391,2.3268715134132125,2.4485339504960515,62.37246107146328,59.26808141485579,1650.0,3.8,85.0
LOT-B-167,LOT-B,1491.1202424026515,1430.18279546531,2.538733037033359,2.235848776888344,63.61461778764002,65.34048717402658,1650.0,3.8,85.0
LOT-C-168,LOT-C,1433.1727437281065,1531.87735618588,2.511311988372571,3.068617255352763,66.31612515754156,60.38730840683649,1650.0,3.8,85.0
LOT-A-169,LOT-A,1434.7125273736842,1465.3162868290037,2.418351759551625,2.5158275653628586,60.71207770531452,55.000161128017325,1650.0,3.8,85.0
LOT-B-170,LOT-B,1440.9826942631723,1353.8388985152442,2.511545870635481,2.267661508023134,58.780624732225355,62.4692721605391,1650.0,3.8,85.0
LOT-C-171,LOT-C,1460.9068938518346,1386.8557405350898,1.875419643133978,2.1588589211200597,52.81222614110575,58.9558068335203,1650.0,3.8,85.0
LOT-A-172,LOT-A,1513.6353212209187,1402.6233915071239,2.595421552470055,2.061076861355157,63.346040686576224,61.99725108260039,1650.0,3.8,85.0
LOT-B-173,LOT-B,1447.607488578629,1470.8886589634367,2.926872037594854,2.5623060319466475,62.559615281282426,58.92517172783312,1650.0,3.8,85.0
LOT-C-174,LOT-C,1473.3335862132933,1436.6649621170986,2.649602112872529,2.4860139358448086,69.83385066714433,54.18029243525391,1650.0,3.8,85.0
LOT-A-175,LOT-A,1438.136025593797,1484.022228829653,2.294792340874504,2.2465046179182524,60.80353727417188,57.014334886245514,1650.0,3.8,85.0
LOT-B-176,LOT-B,1454.7581508675908,1549.4993972872753,2.7435094494680183,2.1451170859151136,58.069965129522686,61.59777929759447,1650.0,3.8,85.0
LOT-C-177,LOT-C,1490.1766451093574,1412.497545614894,2.19293057431574,2.7831198187247694,65.89093656713816,61.743071096169594,1650.0,3.8,85.0
LOT-A-178,LOT-A,1897.4999999999998,1381.9107174229664,2.1903029619269687,4.369999999999999,65.37418946859462,97.74999999999999,1650.0,3.8,85.0
LOT-B-179,LOT-B,1469.2517465698056,1525.469645279256,2.7518987121398593,2.131636851856963,65.91162043914512,68.94192802932726,1650.0,3.8,85.0
LOT-C-180,LOT-C,1420.1457392761563,1406.9615292309759,2.3670924307984373,1.9875445281548219,68.61830727185699,52.1947901727567,1650.0,3.8,85.0
LOT-A-181,LOT-A,1405.7277033703176,1435.678263111615,2.331873872600795,2.55315973540564,63.22151855903677,62.49602353126039,1650.0,3.8,85.0
LOT-B-182,LOT-B,1495.4754527507976,1357.1462008752378,2.399950645824912,2.2713329882510727,62.59631045814569,64.53757123834751,1650.0,3.8,85.0
LOT-C-183,LOT-C,1413.5268449402083,1420.0801421455094,2.637776016975553,2.6116980059683153,58.93888203528885,73.08748750890713,1650.0,3.8,85.0
LOT-A-184,LOT-A,1542.3671059398032,1385.576575883665,2.490538488090103,3.3028782194023654,65.52754383133201,64.53898267168897,1650.0,3.8,85.0
LOT-B-185,LOT-B,1441.6777266656227,1424.2698399931778,2.336245589214079,2.323766588029396,65.35208761351116,61.62867783235022,1650.0,3.8,85.0
LOT-C-186,LOT-C,1432.3539395195976,1396.5092511531786,2.3851230376859087,2.213881064499519,61.18662424071908,68.3965330977912,1650.0,3.8,85.0
LOT-A-187,LOT-A,1464.636995452445,1468.198462380988,2.506827269927341,2.518936233661278,61.42702296197766,62.05331078526217,1650.0,3.8,85.0
LOT-B-188,LOT-B,1480.364680353323,1401.4619280098937,2.802216775867663,2.5109049800591414,58.63084824240182,61.20101342851194,1650.0,3.8,85.0
LOT-C-189,LOT-C,1422.9203839524755,1453.7286729591776,2.1846470866535075,2.865481983610796,58.48262453323591,52.81914692705338,1650.0,3.8,85.0
LOT-A-190,LOT-A,1420.7600602909642,1362.6421107214144,2.388039344828203,2.8389305530788196,64.91491910119554,57.21332932674796,1650.0,3.8,85.0
LOT-B-191,LOT-B,1419.5097887372801,1521.7026084938009,2.4955534226203,2.5013179816428988,66.752281525371,75.02788328952174,1650.0,3.8,85.0
LOT-C-192,LOT-C,1501.8629311031896,1452.8554407003644,2.506406452795447,2.6974655331514295,59.242856765704445,58.52401847822803,1650.0,3.8,85.0
LOT-A-193,LOT-A,1452.0979633395752,1407.217128362549,2.381561274289479,2.530759372797469,72.53466794847321,59.50006502511414,1650.0,3.8,85.0
LOT-B-194,LOT-B,1445.1284427211626,1440.0992786374495,2.531193160012599,2.8349517861067595,59.792824242680055,59.63964545850635,1650.0,3.8,85.0
LOT-C-195,LOT-C,1384.371575362734,1408.0994111342804,2.560932250372978,2.514607053383425,57.43054702292228,61.74799286052117,1650.0,3.8,85.0
LOT-A-196,LOT-A,1451.2589179116105,1468.154515127575,2.2219816941484423,2.41985918154948,53.81704369996906,58.088486729481666,1650.0,3.8,85.0
LOT-B-197,LOT-B,1514.7086263271538,1355.0980917468164,2.298659234209792,2.570143433390162,60.31542839602833,59.70165964018263,1650.0,3.8,85.0
LOT-C-198,LOT-C,1447.5568587045068,1446.7914531369042,2.37536477852043,1.899132121231323,61.336683674200714,59.48097035562969,1650.0,3.8,85.0
LOT-A-199,LOT-A,1428.0905650074585,1456.532940060341,2.5922186251441697,2.7869687469573994,59.766141243595,67.84281305058455,1650.0,3.8,85.0
LOT-B-200,LOT-B,1496.9491013049596,1494.7387928309345,2.81693038164343,2.453381598105948,61.21640638217032,67.37773866315344,1650.0,3.8,85.0
LOT-C-201,LOT-C,1395.3390273948787,1455.7960199852703,2.2408323023490255,2.3819875037243494,54.16318498445639,59.314441762724925,1650.0,3.8,85.0
LOT-A-202,LOT-A,1449.1802428217154,1484.3150333119315,2.697007976822415,2.474295528001308,61.148202392469635,59.5958078210232,1650.0,3.8,85.0
LOT-B-203,LOT-B,1466.0942598790455,1436.6017239786834,2.581765361744701,3.060539777320308,61.85431269232184,56.46243397138186,1650.0,3.8,85.0
LOT-C-204,LOT-C,1415.5659822788461,1385.757807463862,2.0408670931755064,2.9176866315153496,63.019968080563174,56.35518017159393,1650.0,3.8,85.0
LOT-A-205,LOT-A,1476.1452866412048,1499.935744711313,2.292037632769241,2.2836829314761964,60.48180029381773,64.8376505981946,1650.0,3.8,85.0
LOT-B-206,LOT-B,1475.5988060102547,1496.65310719769,2.7637434617739496,2.8793292314326333,68.12864644301033,66.60852261206166,1650.0,3.8,85.0
LOT-C-207,LOT-C,1388.7637358267207,1441.499502360428,2.494176153787015,2.377399595197536,66.10067384705886,61.80699433072813,1650.0,3.8,85.0
LOT-A-208,LOT-A,1412.9701188014517,1507.6605579764407,2.599801292941901,2.570161210944122,66.17019091156928,68.49391092487632,1650.0,3.8,85.0
LOT-B-209,LOT-B,1463.641432438908,1343.7782204064397,2.1973231647996836,2.353894678534941,57.57109597199089,64.43378393942548,1650.0,3.8,85.0
LOT-C-210,LOT-C,1497.6880853140538,1426.6339654213032,2.0595501990987377,3.1489711394913598,59.9685307725611,57.705064853847716,1650.0,3.8,85.0
LOT-A-211,LOT-A,1459.5070899847383,1464.8786684267604,2.188484973095798,2.7529451438682453,59.80706252770997,59.16213069766518,1650.0,3.8,85.0
LOT-B-212,LOT-B,1457.1436347409945,1479.372297039248,2.20984455264159,2.6058001779245497,61.57928762267593,76.77483815375987,1650.0,3.8,85.0
LOT-C-213,LOT-C,1421.6576127534763,1505.1352072226596,2.3842961134683343,2.459436158824867,65.24749300191397,67.70175566274037,1650.0,3.8,85.0
LOT-A-214,LOT-A,1500.6806256381356,1460.8033728756766,2.2198810830726226,2.3279532466611,64.29343935897508,66.23022939185638,1650.0,3.8,85.0
LOT-B-215,LOT-B,1505.9220376278597,1464.5740791275853,2.7180504795773213,2.9853667311308665,62.741602450389976,56.51787433752378,1650.0,3.8,85.0
LOT-C-216,LOT-C,1402.8289165399767,1386.6122795359986,2.87747711430423,2.228829249654739,67.5432870443553,66.2529399843502,1650.0,3.8,85.0
LOT-A-217,LOT-A,1518.6107650735619,1489.1299404184892,2.3692889216359796,2.435990255874154,62.38325473975766,64.32372647392462,1650.0,3.8,85.0
LOT-B-218,LOT-B,1428.7702531550633,1445.6296115012765,2.882796018600718,1.955315740535791,63.163196627870875,59.23732181189045,1650.0,3.8,85.0
LOT-C-219,LOT-C,1457.4814833121952,1482.2739425587445,2.3827169458626924,2.7473558143514887,54.845722693771165,68.70284882952772,1650.0,3.8,85.0
LOT-A-220,LOT-A,1425.8748302940753,1473.1411389312793,2.454734428792941,1.6726201026803884,58.597711453384,64.53638932929638,1650.0,3.8,85.0
LOT-B-221,LOT-B,1512.159043262765,1459.0652680079543,2.4773087639312217,2.0479410913185965,68.44016013435571,71.99326187738414,1650.0,3.8,85.0
LOT-C-222,LOT-C,1451.143001724959,1437.770203974755,1.914285085257102,2.7826627388660774,74.1602569656159,66.87043145149651,1650.0,3.8,85.0
LOT-A-223,LOT-A,1500.548140726128,1469.767666335743,2.104495234029373,2.9277352419263565,56.444412952386266,62.5098749433837,1650.0,3.8,85.0
LOT-B-224,LOT-B,1461.154069800101,1484.0822057526195,2.524795699629289,2.623787040266692,58.57330369207057,57.439954354385854,1650.0,3.8,85.0
LOT-C-225,LOT-C,1452.4592267305284,1417.1718193557983,-1193.095511842049,2.0948971291193788,59.79442186622099,54.792879357182166,1650.0,3.8,85.0
LOT-A-226,LOT-A,1396.101251886225,1378.3242489790914,2.454677839134499,2.630554953445894,71.03213433432272,56.4616099436078,1650.0,3.8,85.0
LOT-B-227,LOT-B,1422.8161216436135,1485.3296783515577,2.334967858503313,2.395360659613504,69.69126366502799,61.909491050252576,1650.0,3.8,85.0
LOT-C-228,LOT-C,1403.7522052266397,1391.6885216855885,2.50070829669418,2.5976773130899096,55.8273393337122,-1136.6800252774049,1650.0,3.8,85.0
LOT-A-229,LOT-A,1471.3885055126245,1471.2452044460558,2.207033374918803,2.699109184592635,64.57334564280752,55.119515781018144,1650.0,3.8,85.0
LOT-B-230,LOT-B,1437.5174499820516,1464.4352748270871,2.2280772893508036,1.8155418019303338,60.72643375340245,67.03483785172463,1650.0,3.8,85.0
LOT-C-231,LOT-C,1513.2162234325253,1354.9871282273323,3.1839964036692807,2.139316374070634,66.30636891860509,69.30073093151164,1650.0,3.8,85.0
LOT-A-232,LOT-A,1489.3206920053522,1453.2839761415357,2.051574701193623,2.700498812155543,58.7814507045102,51.64333376584475,1650.0,3.8,85.0
LOT-B-233,LOT-B,1563.155945348651,1476.740284922348,2.9454231385459617,2.2082807016017783,68.60376270535355,70.97238504330028,1650.0,3.8,85.0
LOT-C-234,LOT-C,1512.181980980047,1446.1093340050895,2.0392613868772203,2.4432599018036365,52.087538988050284,55.500541769803384,1650.0,3.8,85.0
LOT-A-235,LOT-A,1453.6775512460108,1405.3612644377363,2.350665943363575,2.465120079551565,70.6882717183328,69.59884487782944,1650.0,3.8,85.0
LOT-B-236,LOT-B,1448.205096633487,1497.7737804351125,2.1660860565928974,2.3921929522896415,66.09600939552828,57.664195285416326,1650.0,3.8,85.0
LOT-C-237,LOT-C,1438.840770867991,1391.5244738763022,2.435241722348391,3.022405041788619,58.61556399904563,64.561633630795,1650.0,3.8,85.0
LOT-A-238,LOT-A,1414.1071239345401,1398.7189443839036,2.029245143897476,2.965520666051073,72.63095961777917,65.7703054149362,1650.0,3.8,85.0
LOT-B-239,LOT-B,1421.3482812345064,1476.6054486424139,2.29970294209709,2.7564474712119593,63.30947137189748,64.81460950901892,1650.0,3.8,85.0
LOT-C-240,LOT-C,1474.2910423750113,1422.6612672469594,2.2786896530661416,1.9492014111827347,60.01158751345943,56.81503635669527,1650.0,3.8,85.0
LOT-A-241,LOT-A,2650.982651270866,1406.7795001257773,2.4303703260963925,2.6450365780530367,55.609448430208055,59.677588257043965,1650.0,3.8,85.0
LOT-B-242,LOT-B,1412.2675239265848,1478.3527238532945,2.9119086082160472,2.772491716918314,60.427614825353935,70.3855300312898,1650.0,3.8,85.0
LOT-C-243,LOT-C,1389.4356905423492,1509.9730381893798,2.203135738109455,1.6103061711504902,73.92862132588141,70.91670844932074,1650.0,3.8,85.0
LOT-A-244,LOT-A,1408.7246509151958,1454.0983631989127,2.33565016432404,2.5327106570543783,55.32521103106445,60.29697828146607,1650.0,3.8,85.0
LOT-B-245,LOT-B,1468.7184513099048,1456.353239138134,2.759771553001988,2.52552008237667,72.571497586541,60.13606168130736,1650.0,3.8,85.0
LOT-C-246,LOT-C,1460.3732956781416,1366.5146483707945,2.0240600613706365,2.925128307498038,57.757387546346045,65.99417331780673,1650.0,3.8,85.0
LOT-A-247,LOT-A,1447.529165705944,1403.128943777122,2.295525217743852,2.3354452369130496,59.80685359193928,67.04195859135898,1650.0,3.8,85.0
LOT-B-248,LOT-B,1476.0937821766631,1422.7481207416636,2.1278691588482337,2.590347947045861,61.549930647122316,68.33292757351397,1650.0,3.8,85.0
LOT-C-249,LOT-C,1556.2117428245356,1482.4028262458412,2.389580918680738,2.4449459293187017,58.14487645791125,59.23863791340185,1650.0,3.8,85.0
LOT-A-250,LOT-A,1409.863379579957,1430.3959228009742,2.271856966271748,2.737993826099785,60.204504432497956,62.571986332750434,1650.0,3.8,85.0
LOT-B-251,LOT-B,1401.2690389777674,1516.0721764262742,2.5520959228759668,3.0724394141516522,65.5859860641621,70.50128897399247,1650.0,3.8,85.0
LOT-C-252,LOT-C,1440.0604989822014,1477.12075393419,3.2116519108528365,2.1084689722861394,67.293210297789,71.4803378265361,1650.0,3.8,85.0
LOT-A-253,LOT-A,1466.8451031083769,1479.138922300109,2.7838903403139157,2.2855055468910503,63.87835277664751,59.32637680259186,1650.0,3.8,85.0
LOT-B-254,LOT-B,1422.350118347143,1420.4743646843135,2.356119518192342,2.547928204314708,64.08364925158371,56.68072915786783,1650.0,3.8,85.0
LOT-C-255,LOT-C,1531.0710168736218,1496.708216183763,2.623068830817827,2.3827102746858535,61.58911999969596,66.1374821769763,1650.0,3.8,85.0
LOT-A-256,LOT-A,1466.8575994558114,1374.7153776007733,2.627783779281019,3.4562392282890584,53.480195224315565,68.29248482168023,1650.0,3.8,85.0
LOT-B-257,LOT-B,1465.1400790030382,1442.1945607721152,2.8221047220066935,2.111649179814332,62.75192746750331,70.55918686406284,1650.0,3.8,85.0
LOT-C-258,LOT-C,1441.9160582066982,1428.970952612884,2.435393166719384,2.353838288638455,69.15125928632119,59.12031546374556,1650.0,3.8,85.0
LOT-A-259,LOT-A,1485.8772508132229,1392.9592804182098,2.606271720816555,2.465504169735882,50.05177112905154,63.471127179237456,1650.0,3.8,85.0
LOT-B-260,LOT-B,1406.1286503490298,1427.8151764710638,2.8744655395947714,2.1324540521469864,57.09522308423034,70.46014942729747,1650.0,3.8,85.0
LOT-C-261,LOT-C,1454.767876818728,1513.5586985388459,2.4997822122347673,2.209739305085949,61.693246826651105,69.44140362310198,1650.0,3.8,85.0
LOT-A-262,LOT-A,1488.7002089940454,1447.038284347184,2.4150431012137297,2.462975859163143,59.323997729391465,72.83363482206317,1650.0,3.8,85.0
LOT-B-263,LOT-B,1450.2957268065952,1398.1578170107205,2.2528747354148133,2.738982355444557,64.96801744345234,62.83730453703593,1650.0,3.8,85.0
LOT-C-264,LOT-C,1422.5097217346083,1448.0324490794706,1.883793734984096,2.071698171186745,65.6962981736279,61.18398666438193,1650.0,3.8,85.0
LOT-A-265,LOT-A,1465.4193573557086,1499.608886388977,2.6003737477499524,2.5067806890617965,71.8459183903882,66.72654434313951,1650.0,3.8,85.0
LOT-B-266,LOT-B,1435.4215862423207,1478.613262511189,2.5258039481690306,2.218404488869977,62.33756841834867,62.70276625816057,1650.0,3.8,85.0
LOT-C-267,LOT-C,1369.1379062518624,1439.5554387946356,2.312683396143027,2.3557954127921352,54.39006440813765,61.78614491421995,1650.0,3.8,85.0
LOT-A-268,LOT-A,1448.367916371019,1451.4014127097614,2.0497921198628077,2.7080725309090967,56.37647888691541,62.41880628905592,1650.0,3.8,85.0
LOT-B-269,LOT-B,1503.666348818269,1417.1061933156243,2.2424994966093634,2.853072984748024,60.22378927332133,62.06529498981609,1650.0,3.8,85.0
LOT-C-270,LOT-C,1459.0943474003886,1492.293602472776,1.7206122267130595,2.2276252311890863,57.342889516337145,58.262256638907765,1650.0,3.8,85.0
LOT-A-271,LOT-A,1414.8886609862116,1410.8149710259802,2.4927648153600703,2.2081191374490636,62.5651292508265,65.43367670189792,1650.0,3.8,85.0
LOT-B-272,LOT-B,1420.077872772725,1452.6227993673626,2.9032557346338246,2.6056172685478747,59.061592592630404,63.18735312792801,1650.0,3.8,85.0
LOT-C-273,LOT-C,1412.4823186883136,1458.639721129179,2.6647347418342022,2.231857825679275,61.03725274123856,68.84529186295246,1650.0,3.8,85.0
LOT-A-274,LOT-A,1429.6605716322927,1455.0683051264302,2.0861607599835663,2.23222855128225,59.64441564696137,73.72870410910718,1650.0,3.8,85.0
LOT-B-275,LOT-B,1433.637994346539,1424.7417351850759,2.231041941456858,2.447007246701353,64.95168553258816,64.39060505391659,1650.0,3.8,85.0
LOT-C-276,LOT-C,1532.312586988016,1455.9793667627823,2.8342212448069706,2.588547557127955,64.72511674301352,56.715080283347426,1650.0,3.8,85.0
LOT-A-277,LOT-A,1444.9176220744328,1444.1041948935904,2.3271128979307583,1.8110788392989225,65.96281007842695,61.680393450493746,1650.0,3.8,85.0
LOT-B-278,LOT-B,1432.4771471101474,1436.2827986363134,2.3315762433376688,2.6302714946524004,56.28035486795631,59.12410233249012,1650.0,3.8,85.0
LOT-C-279,LOT-C,1461.6253318359759,1453.1144780754553,-1199.6148247713827,2.3163480301948858,58.24508883573533,63.225730729690355,1650.0,3.8,85.0
LOT-A-280,LOT-A,1497.2292989276577,1402.56186844208,2.8569954139950484,2.770074068921737,59.961663182105276,67.18045191467651,1650.0,3.8,85.0
LOT-B-281,LOT-B,1391.3638633255166,1374.2738523032278,2.0130653231546463,2.3688811310994584,60.53565513972644,61.07883063942945,1650.0,3.8,85.0
LOT-C-282,LOT-C,1453.9769076225903,1357.3235358758154,2.5486048219054633,2.045823814754454,59.02617227648606,61.5596028084229,1650.0,3.8,85.0
LOT-A-283,LOT-A,1403.7515745303008,1389.4180139172213,2.098175500435708,2.4961844345148227,64.65491980576746,66.15190533520855,1650.0,3.8,85.0
LOT-B-284,LOT-B,1410.2203584691804,1413.753759775098,2.1238190506050216,2.6439399398708727,52.831609187666515,69.32019452473648,1650.0,3.8,85.0
LOT-C-285,LOT-C,1430.6078049884134,1414.0919557203838,2.501836138772269,2.830438097634033,63.54162465598217,68.44789894939748,1650.0,3.8,85.0
LOT-A-286,LOT-A,1455.3743526661506,1498.6448214397249,2.773548011585609,2.468166787413739,68.47642649567129,64.27424839617343,1650.0,3.8,85.0
LOT-B-287,LOT-B,1453.4757288120811,1408.2981058412095,2.3133659982638415,2.7488264786699466,56.093088906186175,66.5532328438288,1650.0,3.8,85.0
LOT-C-288,LOT-C,1463.9446380507786,1458.657579482505,1.7380523413728097,2.4669622657169286,64.91717003460931,59.91411170248455,1650.0,3.8,85.0
LOT-A-289,LOT-A,1453.6122679639113,1347.1209226991348,2.6014179108865405,2.288021500903762,65.92110626405027,54.83890450311854,1650.0,3.8,85.0
LOT-B-290,LOT-B,1477.6906955330257,1437.0485499186027,2.642281139300688,2.203772868124128,59.21694338865551,74.03952132066595,1650.0,3.8,85.0
LOT-C-291,LOT-C,1416.8019139825108,1417.346857288869,2.317025388850475,2.172781207737483,67.35705553857632,71.60756257675999,1650.0,3.8,85.0
LOT-A-292,LOT-A,1421.8357573366666,1374.5066484814417,2.751593190897226,2.854684963773353,65.69746636480365,68.93560374331989,1650.0,3.8,85.0
LOT-B-293,LOT-B,1415.2989893670479,1439.9231508357786,1.9847671186978353,2.04618789453254,66.41495588271289,60.34200766651739,1650.0,3.8,85.0
LOT-C-294,LOT-C,1541.1828637608023,1450.115564619268,2.2078725554298857,2.7553232651860347,70.10568060919718,65.7848155092982,1650.0,3.8,85.0
LOT-A-295,LOT-A,1401.314193168254,1462.5821176791726,2.8126794183200188,2.3421628963115855,58.518611191649256,68.27730518340564,1650.0,3.8,85.0
LOT-B-296,LOT-B,1455.5987096200793,1400.693231687325,2.286076019525537,2.258188002890894,63.33320899191689,64.01551721341963,1650.0,3.8,85.0
LOT-C-297,LOT-C,1496.0178817224091,1476.8059317632124,1.930939801791188,2.6302369700656882,66.03619543853033,65.64263255505456,1650.0,3.8,85.0
LOT-A-298,LOT-A,1491.2023863711793,1423.9177663078563,2.1147504518142446,2.7976224080775993,57.2054089783143,53.350173595944796,1650.0,3.8,85.0
LOT-B-299,LOT-B,1491.0119977862807,1416.5842331219144,2.3081801396971,2.0526466085662682,56.03512585847695,58.06403244271464,1650.0,3.8,85.0
LOT-C-300,LOT-C,1435.5740059307275,1462.539961198549,1.7106566352727777,2.740695415877767,56.6810082674513,58.48833473761591,1650.0,3.8,85.0
